,x,y,community,paper_assignment
B1_AAACATTGTTTGGG_Enterocyte.Immature.Distal,15.166927,-2.8120034,4,Enterocyte.Immature.Distal
B1_AAACCGTGCCAAGT_Tuft,-12.326133,7.083189,0,Tuft
B1_AAACGCACAGCCTA_Goblet,-16.031181,17.031992,3,Goblet
B1_AAACGCACCAGATC_Endocrine,-4.315815,12.582013,1,Endocrine
B1_AAACGCACCGCCTT_Stem,-13.929573,-4.70933,0,Stem
B1_AAACGCACCGTAGT_Stem,-2.6012256,1.0807437,0,Stem
B1_AAACGGCTGATAGA_TA.Early,-7.744145,-6.752449,1,TA.Early
B1_AAACTTGAAGAGTA_Enterocyte.Mature.Proximal,16.827065,-8.579979,2,Enterocyte.Mature.Proximal
B1_AAACTTGACCACAA_TA.G1,-6.4853306,1.1335374,0,TA.G1
B1_AAAGACGATTGTCT_Enterocyte.Mature.Proximal,19.673458,-9.790739,5,Enterocyte.Mature.Proximal
B1_AAAGAGACGAGGAC_TA.G1,-0.86136466,-0.016013784,1,TA.G1
B1_AAAGATCTAGATCC_TA.G2,-5.284724,-5.2278714,6,TA.G2
B1_AAAGCAGACTACGA_Enterocyte.Progenitor.Early,-2.6590931,-4.2577157,1,Enterocyte.Progenitor.Early
B1_AAAGCCTGAGATGA_Enterocyte.Immature.Distal,9.737188,-2.8633957,1,Enterocyte.Immature.Distal
B1_AAAGGCCTCGTAGT_Tuft,-18.144363,5.9544964,8,Tuft
B1_AAAGGCCTCGTTGA_Enterocyte.Progenitor.Late,4.5707197,-2.671737,1,Enterocyte.Progenitor.Late
B1_AAATACTGACTGTG_Enterocyte.Immature.Distal,16.606815,-3.9373264,4,Enterocyte.Immature.Distal
B1_AAATACTGCCTACC_Enterocyte.Immature.Distal,12.9164715,-1.5252013,4,Enterocyte.Immature.Distal
B1_AAATCCCTGGTGAG_Enterocyte.Mature.Proximal,17.682747,-9.083676,5,Enterocyte.Mature.Proximal
B1_AAATCCCTGTTCTT_TA.G1,-10.691305,-7.1899405,0,TA.G1
B1_AAATCCCTTATGGC_Enterocyte.Progenitor.Early,1.3573927,-6.1950126,1,Enterocyte.Progenitor.Early
B1_AAATGGGAGATAAG_TA.G2,-3.5039923,-5.600088,6,TA.G2
B1_AAATGGGATACTCT_Stem,-4.9793806,-2.618979,1,Stem
B1_AAATTGACCAGCTA_Enterocyte.Immature.Distal,12.006215,-5.449435,2,Enterocyte.Immature.Distal
B1_AAATTGACCCTGTC_Tuft,12.758048,-5.866516,2,Tuft
B1_AACAATACAAGATG_Enterocyte.Immature.Proximal,16.6138,-8.663563,2,Enterocyte.Immature.Proximal
B1_AACAATACCAGAAA_TA.G2,-4.6652746,0.19417648,0,TA.G2
B1_AACACGTGCAACCA_Endocrine,-9.529344,13.994086,7,Endocrine
B1_AACACTCTATTGGC_Goblet,-19.39557,17.395727,3,Goblet
B1_AACACTCTCTCAAG_Stem,-7.3535895,2.835769,0,Stem
B1_AACACTCTCTCGCT_Stem,-5.2793374,7.197801,0,Stem
B1_AACACTCTGCTACA_Stem,-3.7004132,4.5860476,0,Stem
B1_AACAGAGACCTATT_Goblet,-19.712875,17.632826,3,Goblet
B1_AACAGAGAGATAGA_Paneth,-14.5755625,16.859276,3,Paneth
B1_AACAGAGATGCTGA_Goblet,-18.624859,16.37507,3,Goblet
B1_AACATATGCCAACA_Goblet,-16.31345,14.763338,3,Goblet
B1_AACATATGGCTACA_Enterocyte.Progenitor.Early,4.2059717,-7.1512237,1,Enterocyte.Progenitor.Early
B1_AACATATGGGAAAT_Enterocyte.Progenitor,0.049343232,10.978518,0,Enterocyte.Progenitor
B1_AACATATGGTTGCA_Enterocyte.Progenitor.Early,-1.5586528,-2.4198956,1,Enterocyte.Progenitor.Early
B1_AACATTGACCGATA_Enterocyte.Immature.Proximal,9.180396,-6.7085423,2,Enterocyte.Immature.Proximal
B1_AACCACGAATTCCT_TA.G1,-0.3674881,9.282162,6,TA.G1
B1_AACCACGATAACCG_Enterocyte.Progenitor,1.4102547,-5.1955566,1,Enterocyte.Progenitor
B1_AACCCAGATGAAGA_Stem,-8.726281,0.98041755,0,Stem
B1_AACCGATGTAGACC_TA.Early,4.6448994,2.6978128,1,TA.Early
B1_AACCGATGTTCGTT_TA.G1,-5.0536895,-6.35483,6,TA.G1
B1_AACCGCCTGAATAG_Enterocyte.Immature.Proximal,7.9267507,-4.8976645,2,Enterocyte.Immature.Proximal
B1_AACCTTACAGTCTG_Enterocyte.Immature.Distal,13.228409,-3.0688763,4,Enterocyte.Immature.Distal
B1_AACCTTACCTGTTT_Enterocyte.Immature.Distal,15.210656,-3.575231,4,Enterocyte.Immature.Distal
B1_AACCTTTGGTCACA_Enterocyte.Mature.Proximal,20.545877,-9.651708,5,Enterocyte.Mature.Proximal
B1_AACGGTTGCGTTAG_Goblet,-14.864963,15.342646,3,Goblet
B1_AACGGTTGGCTGTA_Enterocyte.Immature.Distal,11.378719,-4.795693,2,Enterocyte.Immature.Distal
B1_AACGGTTGGGAAGC_Enterocyte.Progenitor.Early,-3.5327322,-0.53100395,0,Enterocyte.Progenitor.Early
B1_AACGTCGAAGTTCG_TA.G2,-6.479772,0.30527234,0,TA.G2
B1_AACGTCGATAGTCG_Enterocyte.Immature.Proximal,9.766017,-6.798593,2,Enterocyte.Immature.Proximal
B1_AACGTTCTACCAGT_TA.G1,-7.3070483,-2.7600849,0,TA.G1
B1_AACGTTCTCTTAGG_TA.Early,-2.6323726,-4.0948176,0,TA.Early
B1_AACTCGGATTCTCA_Enterocyte.Progenitor.Early,3.193313,-4.259186,1,Enterocyte.Progenitor.Early
B1_AACTCTTGGATACC_TA.G1,-0.10528653,-0.47199985,1,TA.G1
B1_AACTGTCTTTTCGT_Stem,2.971249,8.631795,0,Stem
B1_AAGAATCTCTAAGC_Enterocyte.Progenitor.Early,-2.8122876,-0.21602723,0,Enterocyte.Progenitor.Early
B1_AAGATGGAGCAGAG_Goblet,-17.501966,15.85942,3,Goblet
B1_AAGATGGAGTTTGG_TA.Early,7.83242,5.3645196,1,TA.Early
B1_AAGATTACGACAAA_TA.Early,0.98179746,3.4569776,1,TA.Early
B1_AAGCAAGATTCTGT_Stem,-7.1680512,6.5696006,0,Stem
B1_AAGCACTGGCCCTT_TA.Early,-0.7409273,2.9837306,0,TA.Early
B1_AAGCCAACAACCTG_Enterocyte.Immature.Distal,16.407043,-4.5261474,4,Enterocyte.Immature.Distal
B1_AAGCCAACCCGATA_Enterocyte.Progenitor,-7.7533793,-4.7104535,1,Enterocyte.Progenitor
B1_AAGCCATGTCACCC_Enterocyte.Progenitor,3.7902,-3.6896067,1,Enterocyte.Progenitor
B1_AAGCCTGACTCAAG_Enterocyte.Progenitor.Early,-0.72064906,-4.8103194,1,Enterocyte.Progenitor.Early
B1_AAGCGACTTTTGCT_Enterocyte.Immature.Distal,15.815246,-4.211522,4,Enterocyte.Immature.Distal
B1_AAGCGTACAGTCGT_TA.G1,-5.409408,-10.995257,1,TA.G1
B1_AAGGCTACTATCTC_Enterocyte.Mature.Proximal,15.661812,-9.827613,2,Enterocyte.Mature.Proximal
B1_AAGGCTACTGAGCT_Endocrine,-13.643571,11.574266,3,Endocrine
B1_AAGGTCACGATAGA_Tuft,-17.554657,5.6737685,8,Tuft
B1_AAGGTCTGCTAGTG_Enterocyte.Progenitor.Late,7.521838,-2.6322534,1,Enterocyte.Progenitor.Late
B1_AAGTAACTATTTCC_TA.Early,-7.4097357,-10.583545,1,TA.Early
B1_AAGTAACTTGTCTT_Paneth,-5.796247,9.408614,0,Paneth
B1_AAGTAACTTTTGTC_Tuft,-14.603997,6.277785,8,Tuft
B1_AAGTAGGAATTCTC_Endocrine,-12.043139,9.562721,7,Endocrine
B1_AAGTATACACACAC_Goblet,-16.10093,15.841643,3,Goblet
B1_AAGTATACCTCCAC_Enterocyte.Progenitor.Late,12.251648,-4.0992765,2,Enterocyte.Progenitor.Late
B1_AAGTATACTGCGTA_Endocrine,-4.62296,14.442644,7,Endocrine
B1_AAGTCCGACAAGCT_Goblet,-15.354379,15.79506,3,Goblet
B1_AAGTCTCTAGGTTC_Enterocyte.Immature.Distal,18.110691,-4.138786,4,Enterocyte.Immature.Distal
B1_AAGTGCACGCAAGG_Paneth,-10.064208,-3.4322968,0,Paneth
B1_AAGTGCACTCGTGA_TA.G2,-4.32888,-4.648147,6,TA.G2
B1_AAGTGGCTAAGAGT_Goblet,-14.749142,12.7564125,3,Goblet
B1_AAGTGGCTTATCTC_Paneth,-13.851077,-4.657201,0,Paneth
B1_AATAAGCTCCCTAC_Enterocyte.Progenitor.Early,-0.6987837,-7.856738,1,Enterocyte.Progenitor.Early
B1_AATCAAACATCTCT_Stem,-8.743339,-8.440438,0,Stem
B1_AATCCGGAACTCTT_Stem,-1.9393595,5.161267,0,Stem
B1_AATCCTTGAAAGTG_Enterocyte.Mature.Proximal,19.856394,-10.396197,5,Enterocyte.Mature.Proximal
B1_AATCCTTGTGCATG_Enterocyte.Immature.Distal,16.164698,-5.3762374,4,Enterocyte.Immature.Distal
B1_AATCTAGACGTTGA_Enterocyte.Immature.Distal,14.433111,-2.5668685,4,Enterocyte.Immature.Distal
B1_AATCTCTGTTTCTG_Enterocyte.Progenitor.Late,9.060598,-3.4096467,2,Enterocyte.Progenitor.Late
B1_AATGAGGACCTACC_Stem,-8.538174,1.1320418,0,Stem
B1_AATGATACGAATAG_Enterocyte.Mature.Distal,22.312382,-7.74891,5,Enterocyte.Mature.Distal
B1_AATGATACTGACTG_Enterocyte.Immature.Distal,13.967492,-4.6681857,2,Enterocyte.Immature.Distal
B1_AATGCGTGTTGCTT_Enterocyte.Immature.Distal,12.1556225,-6.201474,2,Enterocyte.Immature.Distal
B1_AATGGAGACTGTCC_Enterocyte.Progenitor.Early,2.7536247,-5.367789,1,Enterocyte.Progenitor.Early
B1_AATGGAGAGAACCT_Enterocyte.Progenitor.Late,9.475272,-5.5711713,2,Enterocyte.Progenitor.Late
B1_AATGTAACCAGAGG_Stem,-6.7827206,7.3356166,0,Stem
B1_AATGTAACGGGTGA_Endocrine,-9.404167,14.2086115,7,Endocrine
B1_AATGTTGATGCTTT_Endocrine,-7.8495417,11.099277,7,Endocrine
B1_AATTGATGCCGAAT_Endocrine,-3.8537896,15.117498,7,Endocrine
B1_AATTGTGAAAGGGC_Tuft,-17.527372,5.7251744,8,Tuft
B1_ACAAAGGACCTTAT_TA.G2,-7.3057065,-0.25463146,0,TA.G2
B1_ACAAAGGAGCAGAG_TA.Early,2.9383252,8.87388,0,TA.Early
B1_ACAACCGACCGATA_Enterocyte.Progenitor.Late,11.289378,-3.2061315,4,Enterocyte.Progenitor.Late
B1_ACAAGAGAGGTTAC_Endocrine,-11.896342,9.301305,7,Endocrine
B1_ACAAGCACTAGTCG_Enterocyte.Progenitor.Early,-1.9363563,-5.3149734,6,Enterocyte.Progenitor.Early
B1_ACAATAACTAGAAG_TA.Early,0.9077029,4.2408285,0,TA.Early
B1_ACAATCCTTACTCT_Stem,-5.488706,1.8350943,0,Stem
B1_ACAATTGATCAAGC_Enterocyte.Immature.Distal,16.063065,-3.7829027,4,Enterocyte.Immature.Distal
B1_ACACATCTGACAAA_Enterocyte.Progenitor.Early,-0.47448692,-8.722174,1,Enterocyte.Progenitor.Early
B1_ACACCAGAAAGCCT_Enterocyte.Progenitor,2.9775019,4.4260345,1,Enterocyte.Progenitor
B1_ACACCAGACTTACT_Stem,-4.4433675,4.4629383,0,Stem
B1_ACACCAGATCGTTT_Enterocyte.Progenitor,7.109998,-10.370379,1,Enterocyte.Progenitor
B1_ACACCCTGGCCATA_Enterocyte.Mature.Proximal,21.009167,-10.462249,5,Enterocyte.Mature.Proximal
B1_ACACGAACAGCATC_Goblet,6.6324983,-8.655421,1,Goblet
B1_ACACGAACGTCTTT_Enterocyte.Immature.Proximal,12.452234,-6.7948933,2,Enterocyte.Immature.Proximal
B1_ACACGTGAAAGGGC_Endocrine,-13.898273,11.938059,3,Endocrine
B1_ACAGTCGATTCGCC_Enterocyte.Mature.Proximal,20.819311,-11.3162365,5,Enterocyte.Mature.Proximal
B1_ACAGTGACAAGCCT_Stem,-3.5781693,3.106933,0,Stem
B1_ACAGTGACTGATGC_Stem,-3.631406,6.6316657,0,Stem
B1_ACAGTGACTGGGAG_Enterocyte.Progenitor,5.720063,0.99133134,1,Enterocyte.Progenitor
B1_ACAGTTCTCGTGTA_Enterocyte.Immature.Distal,16.822433,-4.684924,4,Enterocyte.Immature.Distal
B1_ACATGGTGCCTCGT_TA.G2,-3.5380855,-3.5152204,6,TA.G2
B1_ACATGGTGTAGACC_Enterocyte.Progenitor.Late,3.9805326,-13.30711,1,Enterocyte.Progenitor.Late
B1_ACATTCTGGCTTAG_Enterocyte.Progenitor,7.776528,-5.76662,1,Enterocyte.Progenitor
B1_ACATTCTGGTTCAG_TA.G1,-1.1940968,0.5392492,0,TA.G1
B1_ACCACCTGACGGGA_TA.G1,-4.9578915,1.261365,0,TA.G1
B1_ACCACCTGCTCCCA_Endocrine,-7.720628,11.912314,7,Endocrine
B1_ACCACCTGTGCTAG_Enterocyte.Immature.Distal,12.78865,-8.1231165,2,Enterocyte.Immature.Distal
B1_ACCATTACCCACAA_Enterocyte.Progenitor,4.7530284,-0.23662806,1,Enterocyte.Progenitor
B1_ACCATTTGTGTTTC_Stem,-2.6119301,-0.75630814,0,Stem
B1_ACCCAAGAGAGGGT_Stem,-8.964255,7.77515,0,Stem
B1_ACCCAGCTACCTCC_Goblet,-18.506357,16.676125,3,Goblet
B1_ACCCTCGACTTGAG_Enterocyte.Mature.Proximal,18.947468,-9.432955,5,Enterocyte.Mature.Proximal
B1_ACCGAAACCGAATC_Endocrine,-3.9618363,12.4461775,0,Endocrine
B1_ACCGCGGACCGTTC_Endocrine,-4.0053315,14.984032,7,Endocrine
B1_ACCGCGGACTAAGC_Tuft,-12.269775,7.888792,7,Tuft
B1_ACCGCGGACTTCGC_Stem,-6.2259493,1.982377,0,Stem
B1_ACCGCGGATGCAGT_Endocrine,-7.6325145,12.274911,7,Endocrine
B1_ACCGTGCTCGTGAT_Paneth,-7.8968835,0.43366247,0,Paneth
B1_ACCGTGCTGACAAA_TA.Early,-11.18095,1.6810559,0,TA.Early
B1_ACCTGAGACGTGAT_Enterocyte.Progenitor,4.922283,-3.2684193,1,Enterocyte.Progenitor
B1_ACCTGGCTCACTAG_Stem,-8.157406,2.7644157,0,Stem
B1_ACCTTTGACTTGTT_Stem,-7.478619,2.948326,0,Stem
B1_ACCTTTGATCACCC_Enterocyte.Mature.Distal,21.979332,-10.659623,5,Enterocyte.Mature.Distal
B1_ACGAACTGGGAGCA_Enterocyte.Immature.Distal,12.88839,-5.401658,2,Enterocyte.Immature.Distal
B1_ACGAAGCTCGCAAT_Enterocyte.Mature.Proximal,17.652159,-10.033551,2,Enterocyte.Mature.Proximal
B1_ACGAAGCTCTGCTC_Stem,-11.888726,3.4896407,0,Stem
B1_ACGACAACATTCCT_Enterocyte.Progenitor.Late,0.46178734,-11.111432,1,Enterocyte.Progenitor.Late
B1_ACGACAACTGCGTA_Stem,-9.269526,1.2291856,0,Stem
B1_ACGACCCTGACGAG_TA.G1,1.4927392,-0.69285995,1,TA.G1
B1_ACGAGGGATGTCCC_Endocrine,-7.6415215,12.412851,7,Endocrine
B1_ACGAGTACACCCTC_Enterocyte.Mature.Proximal,18.43939,-10.12892,5,Enterocyte.Mature.Proximal
B1_ACGATCGACTGCAA_Stem,-5.6125875,5.662608,0,Stem
B1_ACGATCGACTGTCC_Goblet,-17.500921,15.174169,3,Goblet
B1_ACGATCGAGCTCCT_Enterocyte.Progenitor.Early,0.7278061,-3.8350778,1,Enterocyte.Progenitor.Early
B1_ACGCACCTCCTTGC_Goblet,-17.674767,16.136684,3,Goblet
B1_ACGCCACTACCAAC_Enterocyte.Progenitor.Late,4.137332,-0.9420291,1,Enterocyte.Progenitor.Late
B1_ACGCTCACGCGAGA_Stem,-4.366676,1.5659604,0,Stem
B1_ACGCTGCTACCGAT_Enterocyte.Mature.Proximal,19.621176,-9.007457,5,Enterocyte.Mature.Proximal
B1_ACGCTGCTAGCATC_TA.Early,-10.60024,2.2634325,0,TA.Early
B1_ACGCTGCTAGGTCT_Enterocyte.Progenitor,4.2668424,-6.7632656,1,Enterocyte.Progenitor
B1_ACGCTGCTTTGGCA_Enterocyte.Progenitor.Late,7.347199,-6.173807,1,Enterocyte.Progenitor.Late
B1_ACGGAGGAAGGTTC_Enterocyte.Progenitor.Late,5.3446417,-5.2774997,1,Enterocyte.Progenitor.Late
B1_ACGGAGGACGCAAT_Enterocyte.Progenitor.Early,1.5732113,-5.141955,1,Enterocyte.Progenitor.Early
B1_ACGGATTGGAGGAC_Endocrine,-5.5451527,12.413533,7,Endocrine
B1_ACGGCGTGCCTGTC_Paneth,-9.114419,0.82573736,0,Paneth
B1_ACGGCTCTATGTGC_Enterocyte.Immature.Distal,16.093811,-3.1362884,4,Enterocyte.Immature.Distal
B1_ACGGGAGACTGAAC_TA.Early,3.1223838,8.575265,1,TA.Early
B1_ACGGGAGACTTGAG_Enterocyte.Progenitor.Late,8.163038,-3.5613701,1,Enterocyte.Progenitor.Late
B1_ACGGGAGATTCAGG_Goblet,-16.84949,14.749245,3,Goblet
B1_ACGTAGACGGAACG_Stem,-5.1473584,2.0442894,0,Stem
B1_ACGTCAGATCAGTG_Enterocyte.Progenitor.Early,-1.1593697,-2.2805445,0,Enterocyte.Progenitor.Early
B1_ACGTGATGTCAGAC_Enterocyte.Progenitor.Late,11.289149,-1.5966011,2,Enterocyte.Progenitor.Late
B1_ACGTTACTGGACGA_Goblet,-17.9398,15.626952,3,Goblet
B1_ACGTTACTGGCGAA_Enterocyte.Progenitor.Late,1.3154967,-13.773013,2,Enterocyte.Progenitor.Late
B1_ACGTTTACCGATAC_Enterocyte.Mature.Proximal,19.442429,-11.707289,5,Enterocyte.Mature.Proximal
B1_ACGTTTACTCCTGC_Goblet,-15.04699,13.242494,3,Goblet
B1_ACTACGGACGGTAT_Stem,-6.178365,4.6232114,0,Stem
B1_ACTACGGATGGTAC_TA.G1,-4.344967,1.6751642,0,TA.G1
B1_ACTACGGATGTTCT_Stem,-3.987344,7.939804,0,Stem
B1_ACTACGGATTTGTC_Enterocyte.Progenitor,1.9315642,-2.922248,1,Enterocyte.Progenitor
B1_ACTACTACTCCGAA_Enterocyte.Progenitor.Early,2.3584402,-2.1968396,1,Enterocyte.Progenitor.Early
B1_ACTAGGTGAACTGC_Stem,-0.9552332,5.6450753,0,Stem
B1_ACTAGGTGATGACC_Goblet,-17.095633,15.367055,3,Goblet
B1_ACTAGGTGCGGGAA_Enterocyte.Immature.Distal,12.659522,-7.4513264,2,Enterocyte.Immature.Distal
B1_ACTATCACCCCTCA_Enterocyte.Immature.Distal,15.342118,-2.7108703,4,Enterocyte.Immature.Distal
B1_ACTATCACGGTACT_Enterocyte.Progenitor.Early,4.7694144,-7.9982996,1,Enterocyte.Progenitor.Early
B1_ACTATCACTGAGGG_Stem,4.76863,11.423466,0,Stem
B1_ACTCCTCTTTTGCT_Stem,-6.0973597,4.9630656,0,Stem
B1_ACTCGAGACTCCCA_Enterocyte.Immature.Distal,16.003595,-2.1026402,4,Enterocyte.Immature.Distal
B1_ACTCGCACAGGTTC_Enterocyte.Progenitor.Late,6.147543,-3.3818905,1,Enterocyte.Progenitor.Late
B1_ACTCTATGAGCTAC_Enterocyte.Immature.Distal,6.800378,-7.9869432,1,Enterocyte.Immature.Distal
B1_ACTCTATGGATACC_TA.G2,-4.872381,6.3621407,0,TA.G2
B1_ACTCTATGTAGCGT_Stem,-11.405009,0.3548318,0,Stem
B1_ACTCTCCTGGACTT_Enterocyte.Mature.Proximal,20.897364,-9.559482,5,Enterocyte.Mature.Proximal
B1_ACTGAGACACACAC_Enterocyte.Mature.Proximal,20.66728,-9.639128,5,Enterocyte.Mature.Proximal
B1_ACTGAGACCCCTTG_Stem,-6.5540895,3.421986,0,Stem
B1_ACTGAGACCGTCTC_Enterocyte.Progenitor.Late,8.724318,-4.137205,1,Enterocyte.Progenitor.Late
B1_ACTGCCACGCCTTC_TA.G1,-1.6561518,-1.11732,0,TA.G1
B1_ACTGCCTGTAGCGT_Stem,-2.5077062,2.2139504,0,Stem
B1_ACTTAAGAAACGTC_Endocrine,-5.7931,13.1924305,7,Endocrine
B1_ACTTAAGAACCTCC_Stem,-3.979992,7.5457745,0,Stem
B1_ACTTAGCTGTTACG_Endocrine,-7.856163,10.9498,7,Endocrine
B1_ACTTCCCTAAAGTG_Enterocyte.Immature.Distal,14.165269,-6.0738025,2,Enterocyte.Immature.Distal
B1_ACTTCCCTCCTACC_Stem,-3.0325131,4.0834823,0,Stem
B1_ACTTCCCTGTGCTA_Goblet,-16.5364,13.708019,3,Goblet
B1_ACTTCCCTTCCAAG_TA.G1,-8.773608,-0.08274788,0,TA.G1
B1_ACTTCTGAAGGTTC_Enterocyte.Progenitor.Early,5.740982,-6.461762,1,Enterocyte.Progenitor.Early
B1_ACTTGACTAGCTCA_Enterocyte.Immature.Distal,14.888686,-3.2965045,4,Enterocyte.Immature.Distal
B1_ACTTGACTTCACCC_Enterocyte.Immature.Distal,13.35193,-4.7503858,2,Enterocyte.Immature.Distal
B1_ACTTGTACAACGGG_Endocrine,-5.8882275,13.124373,7,Endocrine
B1_ACTTGTACCTTGGA_Endocrine,-5.854465,13.746133,7,Endocrine
B1_AGAAACGAACCACA_Paneth,-12.931144,2.2343192,0,Paneth
B1_AGAAACGACTAGAC_Enterocyte.Immature.Proximal,14.085494,-9.128868,2,Enterocyte.Immature.Proximal
B1_AGAAACGAGTCCTC_Enterocyte.Progenitor,1.7808528,-1.9135103,1,Enterocyte.Progenitor
B1_AGAACAGATGGATC_Enterocyte.Progenitor.Early,1.8503253,-4.959341,1,Enterocyte.Progenitor.Early
B1_AGAAGATGCTTAGG_Enterocyte.Progenitor.Late,4.4453425,1.5125207,1,Enterocyte.Progenitor.Late
B1_AGAAGATGTGTCCC_TA.G1,3.9610372,-1.19331,1,TA.G1
B1_AGACACACGGACTT_TA.G2,-5.1133738,-4.9480815,6,TA.G2
B1_AGACCTGAGCTGAT_Enterocyte.Immature.Distal,15.368043,-3.7246892,4,Enterocyte.Immature.Distal
B1_AGACGTACCTGGAT_TA.G1,1.6422012,-3.130134,1,TA.G1
B1_AGACTCGATCTCTA_TA.Early,-3.0449295,9.535588,0,TA.Early
B1_AGACTCGATGCACA_Enterocyte.Mature.Distal,18.254992,-3.8191106,4,Enterocyte.Mature.Distal
B1_AGAGAATGCTTGAG_Enterocyte.Immature.Distal,7.8485284,-9.068772,4,Enterocyte.Immature.Distal
B1_AGAGAATGGCCAAT_Enterocyte.Progenitor.Early,4.663771,4.902107,6,Enterocyte.Progenitor.Early
B1_AGAGAATGTCATTC_Paneth,-10.486288,3.3949459,0,Paneth
B1_AGAGATGACGTCTC_Enterocyte.Progenitor,8.648767,1.0132465,1,Enterocyte.Progenitor
B1_AGAGCTACCAAAGA_Enterocyte.Progenitor.Early,9.68417,3.1066556,1,Enterocyte.Progenitor.Early
B1_AGAGCTACTGTCAG_Enterocyte.Immature.Distal,17.080051,-2.782836,4,Enterocyte.Immature.Distal
B1_AGAGGTCTAACCTG_Enterocyte.Progenitor,3.4107876,0.21762656,1,Enterocyte.Progenitor
B1_AGAGTCACGTTGGT_Enterocyte.Mature.Distal,20.771746,-8.485449,5,Enterocyte.Mature.Distal
B1_AGAGTCTGAGACTC_Enterocyte.Progenitor.Late,10.192354,-5.2522364,2,Enterocyte.Progenitor.Late
B1_AGAGTCTGGCGAAG_TA.G1,1.7766833,-0.05034001,1,TA.G1
B1_AGATATTGACCACA_Enterocyte.Progenitor.Early,2.0340226,-8.627219,1,Enterocyte.Progenitor.Early
B1_AGATCGTGCCTATT_Enterocyte.Immature.Proximal,13.914526,-7.68256,2,Enterocyte.Immature.Proximal
B1_AGATCGTGCTTGAG_Enterocyte.Progenitor.Late,11.051119,-6.575523,2,Enterocyte.Progenitor.Late
B1_AGATCGTGGTTCTT_TA.Early,-4.0675654,1.3856225,0,TA.Early
B1_AGATTCCTGTTCGA_Enterocyte.Progenitor.Late,7.3445115,-2.9733386,1,Enterocyte.Progenitor.Late
B1_AGCAAAGAATTCCT_Stem,-7.7800364,2.2276433,0,Stem
B1_AGCAAGCTGATGAA_Enterocyte.Progenitor.Early,4.0388775,-5.63353,1,Enterocyte.Progenitor.Early
B1_AGCACAACTCTAGG_Enterocyte.Immature.Proximal,13.464083,-8.32502,2,Enterocyte.Immature.Proximal
B1_AGCACTGACTATGG_Enterocyte.Immature.Distal,11.541708,-1.7458491,4,Enterocyte.Immature.Distal
B1_AGCATTCTTGGAGG_Stem,-3.4030662,5.1371713,0,Stem
B1_AGCCACCTCTTGGA_Tuft,-2.7241666,5.180204,0,Tuft
B1_AGCCGGACGCCTTC_TA.Early,2.9208212,6.7811246,0,TA.Early
B1_AGCCTCACAAGTGA_Enterocyte.Immature.Distal,16.810307,-3.4109712,4,Enterocyte.Immature.Distal
B1_AGCCTCACACTCAG_Endocrine,-3.2387576,12.030159,1,Endocrine
B1_AGCCTCTGCAGAAA_Stem,-6.2469087,4.8914595,0,Stem
B1_AGCGGCTGTAAAGG_Endocrine,-5.2155128,12.6547365,7,Endocrine
B1_AGCGGGCTACGGGA_TA.G1,0.07887131,-6.158768,1,TA.G1
B1_AGCGGGCTTGGCAT_TA.Early,-2.970509,0.49572477,0,TA.Early
B1_AGCTGCCTAGAGTA_TA.G1,-6.8021045,7.29192,0,TA.G1
B1_AGCTGCCTATGTCG_Enterocyte.Mature.Proximal,20.943642,-9.141316,5,Enterocyte.Mature.Proximal
B1_AGCTGCCTCCCTTG_Enterocyte.Mature.Proximal,20.440887,-10.473496,5,Enterocyte.Mature.Proximal
B1_AGCTGCCTCTCTTA_Stem,2.4065328,4.2657914,0,Stem
B1_AGCTGTGACGATAC_Enterocyte.Immature.Proximal,15.361834,-10.080515,2,Enterocyte.Immature.Proximal
B1_AGCTGTGATTCTCA_Enterocyte.Mature.Distal,17.600021,-8.536957,5,Enterocyte.Mature.Distal
B1_AGCTTACTCCTTCG_Enterocyte.Immature.Distal,3.2407773,-8.064189,1,Enterocyte.Immature.Distal
B1_AGCTTACTTCAGAC_Tuft,-15.350761,6.204538,8,Tuft
B1_AGCTTTACCTACGA_Stem,-3.8662493,4.3746786,0,Stem
B1_AGCTTTACTCAGTG_Enterocyte.Progenitor,5.515382,0.7937263,1,Enterocyte.Progenitor
B1_AGCTTTACTCCTGC_TA.Early,2.8090632,1.983033,1,TA.Early
B1_AGGAAATGACAGTC_Enterocyte.Progenitor.Early,6.726553,0.27272102,1,Enterocyte.Progenitor.Early
B1_AGGAAATGAGAAGT_Enterocyte.Progenitor.Early,-4.7829914,-4.8598685,6,Enterocyte.Progenitor.Early
B1_AGGAATGACGTAAC_Enterocyte.Mature.Distal,16.731747,-7.7935514,2,Enterocyte.Mature.Distal
B1_AGGAATGACTAGAC_Paneth,-11.933275,18.377932,3,Paneth
B1_AGGACACTGGTCTA_Enterocyte.Mature.Proximal,18.471016,-11.113041,5,Enterocyte.Mature.Proximal
B1_AGGACTTGTATCTC_Enterocyte.Progenitor.Late,0.403268,-11.390282,1,Enterocyte.Progenitor.Late
B1_AGGATAGATATCGG_Enterocyte.Progenitor,2.427156,-8.003569,1,Enterocyte.Progenitor
B1_AGGATGCTGAAACA_Enterocyte.Progenitor.Early,8.550641,2.099106,1,Enterocyte.Progenitor.Early
B1_AGGCAACTGACACT_Stem,-1.9817156,5.1849184,0,Stem
B1_AGGCCTCTAGTGTC_Stem,-1.152966,8.081953,0,Stem
B1_AGGCCTCTATCAGC_TA.G1,-3.836665,3.526692,0,TA.G1
B1_AGGCCTCTCGAATC_TA.Early,11.760134,1.885835,1,TA.Early
B1_AGGCCTCTCTTACT_Enterocyte.Progenitor.Early,0.4896,-4.4807844,1,Enterocyte.Progenitor.Early
B1_AGGGAGTGACGCTA_Enterocyte.Progenitor.Early,2.4598422,-6.0344353,1,Enterocyte.Progenitor.Early
B1_AGGGAGTGTGTAGC_Enterocyte.Progenitor,2.3176105,-1.9225518,1,Enterocyte.Progenitor
B1_AGGGCGCTACGTTG_Enterocyte.Mature.Distal,19.00526,-4.8430753,4,Enterocyte.Mature.Distal
B1_AGGGCGCTTCCGAA_Enterocyte.Progenitor,0.12919514,-1.8582369,1,Enterocyte.Progenitor
B1_AGGGTTTGAACGTC_Enterocyte.Progenitor.Late,5.1654677,-0.43337992,1,Enterocyte.Progenitor.Late
B1_AGGTACACGAGAGC_Enterocyte.Progenitor.Late,5.7085924,-11.685746,1,Enterocyte.Progenitor.Late
B1_AGGTACACTCGTTT_Enterocyte.Immature.Proximal,14.469926,-7.075411,2,Enterocyte.Immature.Proximal
B1_AGGTCATGCCATAG_Paneth,6.2049317,9.55161,6,Paneth
B1_AGGTCTGAATTCTC_Stem,0.035761714,10.923238,0,Stem
B1_AGGTCTGACATTCT_Enterocyte.Progenitor.Early,-0.37053514,-6.533685,1,Enterocyte.Progenitor.Early
B1_AGGTGGGAAAGATG_Enterocyte.Progenitor.Early,6.5527773,-7.3110237,1,Enterocyte.Progenitor.Early
B1_AGGTGGGACAGTCA_Stem,-7.892725,-1.2214527,0,Stem
B1_AGGTTGTGGTCAAC_Enterocyte.Mature.Proximal,15.874641,-7.558981,2,Enterocyte.Mature.Proximal
B1_AGTAGAGAAGCTCA_Enterocyte.Progenitor.Late,9.515944,-5.0302086,2,Enterocyte.Progenitor.Late
B1_AGTAGAGACCTACC_Enterocyte.Progenitor.Late,8.093585,-4.1380563,2,Enterocyte.Progenitor.Late
B1_AGTAGAGATCCTCG_Enterocyte.Immature.Proximal,16.60691,-8.796641,2,Enterocyte.Immature.Proximal
B1_AGTAGGCTCTCCCA_Enterocyte.Immature.Distal,14.082919,-5.2279477,2,Enterocyte.Immature.Distal
B1_AGTCACGATGTGAC_Enterocyte.Progenitor.Early,-0.7511425,-4.118231,1,Enterocyte.Progenitor.Early
B1_AGTCGCCTATTGGC_Enterocyte.Progenitor,12.13644,-5.8987556,2,Enterocyte.Progenitor
B1_AGTCGCCTTTCGTT_Tuft,-16.890549,5.7913117,8,Tuft
B1_AGTCTACTGTCTGA_Enterocyte.Immature.Distal,12.801704,-4.3407016,2,Enterocyte.Immature.Distal
B1_AGTGACTGGAATCC_TA.G1,-4.1232257,-3.82602,6,TA.G1
B1_AGTGCAACTTACCT_Paneth,-2.6279132,5.990281,0,Paneth
B1_AGTGTGACCCTGAA_Tuft,-17.093233,5.8273387,8,Tuft
B1_AGTTAAACTACAGC_TA.Early,-5.414282,-10.910046,1,TA.Early
B1_AGTTATGAAAAAGC_Enterocyte.Mature.Proximal,18.965603,-11.690559,5,Enterocyte.Mature.Proximal
B1_AGTTATGATAGACC_Goblet,-17.407513,17.437689,3,Goblet
B1_AGTTATGATGGTGT_TA.Early,4.5962415,4.6248302,1,TA.Early
B1_AGTTCTACGTAAAG_Enterocyte.Progenitor.Early,3.9392304,-6.0727677,1,Enterocyte.Progenitor.Early
B1_AGTTCTACGTTTGG_Stem,-12.141318,0.3918717,0,Stem
B1_AGTTCTTGCGCTAA_Enterocyte.Progenitor.Early,1.1738985,-8.506505,1,Enterocyte.Progenitor.Early
B1_AGTTCTTGGAACCT_Stem,-8.394088,0.32079062,0,Stem
B1_AGTTCTTGTCCGTC_Enterocyte.Progenitor.Early,0.038493946,-4.9807673,1,Enterocyte.Progenitor.Early
B1_AGTTGTCTGTTCAG_Paneth,-3.146177,3.8723829,0,Paneth
B1_AGTTTGCTTATCTC_TA.G2,-4.3503065,-5.388608,6,TA.G2
B1_ATAACCCTATGACC_Stem,-7.206066,1.1394284,0,Stem
B1_ATAAGTACTGTGAC_Enterocyte.Progenitor.Early,0.7905182,-5.0103965,1,Enterocyte.Progenitor.Early
B1_ATAAGTTGGCTACA_Tuft,-12.794311,7.7388806,7,Tuft
B1_ATAATCGAAGAGGC_Paneth,-12.436617,14.93092,3,Paneth
B1_ATAATCGAAGCATC_Paneth,6.6408534,-13.807542,2,Paneth
B1_ATACAATGTACGCA_Stem,-5.9459443,3.8862193,0,Stem
B1_ATACCACTCAACCA_Stem,-3.1991556,2.7009532,0,Stem
B1_ATACCACTCCTTAT_Enterocyte.Immature.Distal,13.837021,-0.6334331,4,Enterocyte.Immature.Distal
B1_ATACCACTTGGTAC_Enterocyte.Progenitor.Early,2.8552756,-4.703397,1,Enterocyte.Progenitor.Early
B1_ATACCGGATTCTAC_TA.Early,-3.3707442,3.379687,0,TA.Early
B1_ATACCTACCCGTAA_Enterocyte.Mature.Proximal,20.424145,-10.4561205,5,Enterocyte.Mature.Proximal
B1_ATACCTACGCTTCC_Stem,-6.644872,6.2562203,0,Stem
B1_ATACGGACCGTCTC_TA.G1,1.5564451,-2.1989162,1,TA.G1
B1_ATACGTCTCCTCAC_Enterocyte.Progenitor.Early,-2.0620759,-5.7692204,6,Enterocyte.Progenitor.Early
B1_ATACTCTGTTTCAC_Stem,-11.692664,-3.8331883,0,Stem
B1_ATAGATACTGTTTC_TA.G2,-3.8990378,-4.404083,6,TA.G2
B1_ATAGATTGCTATTC_Enterocyte.Progenitor.Late,10.930102,-3.9760468,2,Enterocyte.Progenitor.Late
B1_ATAGATTGTAACGC_Stem,-6.2276173,-2.4612663,0,Stem
B1_ATAGCCGATGCCTC_Paneth,1.9723065,7.609035,0,Paneth
B1_ATAGCGTGGTTGGT_Stem,-4.3115644,3.2991145,0,Stem
B1_ATAGGAGAAGAGTA_Enterocyte.Progenitor.Early,-3.472866,0.27260676,0,Enterocyte.Progenitor.Early
B1_ATAGGCTGAGTGTC_Endocrine,-3.74084,15.228194,7,Endocrine
B1_ATAGGCTGCCACAA_Enterocyte.Progenitor.Late,5.283362,-3.3821797,1,Enterocyte.Progenitor.Late
B1_ATAGGCTGCTTGCC_Enterocyte.Progenitor.Early,-1.1251717,-6.9683104,1,Enterocyte.Progenitor.Early
B1_ATAGGCTGGACGGA_Enterocyte.Mature.Proximal,21.433548,-9.781997,5,Enterocyte.Mature.Proximal
B1_ATATAGTGGGCGAA_Enterocyte.Progenitor,3.7154572,-3.5655477,1,Enterocyte.Progenitor
B1_ATATGCCTAAGGGC_Enterocyte.Mature.Distal,17.854101,-4.598562,4,Enterocyte.Mature.Distal
B1_ATATGCCTTGTGCA_Paneth,-6.724921,4.4887905,0,Paneth
B1_ATCACACTAAAAGC_Tuft,-9.282491,-4.749504,6,Tuft
B1_ATCACACTACTCTT_Enterocyte.Mature.Proximal,21.842897,-11.166627,5,Enterocyte.Mature.Proximal
B1_ATCACACTCTACTT_Enterocyte.Progenitor.Early,-3.2682173,-4.8657894,6,Enterocyte.Progenitor.Early
B1_ATCACACTGCGAAG_Enterocyte.Immature.Proximal,14.914679,-9.694489,2,Enterocyte.Immature.Proximal
B1_ATCACGGAGCAGTT_Stem,-9.830681,1.4275359,0,Stem
B1_ATCACTACCTGAAC_Goblet,-19.745275,18.265148,3,Goblet
B1_ATCACTACGCGATT_TA.G2,-3.733631,-5.3653746,6,TA.G2
B1_ATCACTTGGAACCT_Enterocyte.Immature.Proximal,11.328188,-7.1768427,2,Enterocyte.Immature.Proximal
B1_ATCACTTGTGCTCC_Stem,-9.012129,1.170591,0,Stem
B1_ATCATGCTACGTGT_Stem,-9.180782,0.4861997,0,Stem
B1_ATCCAGGAAGCGTT_Enterocyte.Immature.Distal,5.311995,-8.052469,1,Enterocyte.Immature.Distal
B1_ATCCAGGAGGCATT_Stem,-12.89934,0.7504688,0,Stem
B1_ATCCATACGGACGA_Enterocyte.Immature.Distal,11.754622,0.9286477,2,Enterocyte.Immature.Distal
B1_ATCCCGTGACCAAC_Stem,-13.411807,-1.966356,0,Stem
B1_ATCCCGTGTCTAGG_TA.Early,-13.079182,0.74396026,0,TA.Early
B1_ATCCTAACTTGTGG_Enterocyte.Progenitor.Late,1.5308253,0.6461423,1,Enterocyte.Progenitor.Late
B1_ATCGACGACAAAGA_TA.G2,-3.4888241,-0.20506619,0,TA.G2
B1_ATCGACGACCCACT_TA.G1,-1.9348016,0.30328616,0,TA.G1
B1_ATCGAGTGCTCTAT_TA.G1,-3.867736,-4.919493,6,TA.G1
B1_ATCGAGTGCTGATG_TA.Early,-5.1178365,3.928407,0,TA.Early
B1_ATCGAGTGTCTATC_Enterocyte.Progenitor.Late,10.69444,-4.2109923,2,Enterocyte.Progenitor.Late
B1_ATCGCAGAGGACGA_Stem,-9.722804,0.40839773,0,Stem
B1_ATCGCAGAGTCGAT_Enterocyte.Immature.Proximal,13.873787,-10.41067,2,Enterocyte.Immature.Proximal
B1_ATCGCCTGACCTCC_TA.Early,-1.2869087,2.1062953,0,TA.Early
B1_ATCTACACAACGAA_Stem,-4.246975,5.523536,0,Stem
B1_ATCTACACCCCTCA_Enterocyte.Progenitor.Early,-2.4679277,-7.6657863,6,Enterocyte.Progenitor.Early
B1_ATCTGTTGTTGGCA_Enterocyte.Immature.Distal,12.949123,-2.1697638,4,Enterocyte.Immature.Distal
B1_ATCTTTCTAATCGC_Enterocyte.Progenitor,3.4820216,-1.1826308,1,Enterocyte.Progenitor
B1_ATGAAGGACTTGTT_Enterocyte.Progenitor.Early,2.5725212,-6.899171,1,Enterocyte.Progenitor.Early
B1_ATGACGTGTTCCCG_TA.G1,-5.151958,-3.8198066,6,TA.G1
B1_ATGATAACCCTATT_Enterocyte.Progenitor.Early,1.149612,-13.566334,1,Enterocyte.Progenitor.Early
B1_ATGATATGTTGTGG_Enterocyte.Immature.Distal,16.21623,-2.3785002,4,Enterocyte.Immature.Distal
B1_ATGCAGTGTTCTAC_Stem,-7.226583,0.8013577,0,Stem
B1_ATGCAGTGTTCTTG_Stem,-2.6797707,2.354438,0,Stem
B1_ATGCCAGAACCAGT_Enterocyte.Progenitor,3.6010642,-0.34405982,1,Enterocyte.Progenitor
B1_ATGCCAGACGAACT_Enterocyte.Mature.Proximal,19.281034,-8.890822,5,Enterocyte.Mature.Proximal
B1_ATGCCGCTCGACTA_Enterocyte.Immature.Distal,11.81466,-9.161832,2,Enterocyte.Immature.Distal
B1_ATGCGATGCTCGCT_Enterocyte.Mature.Proximal,16.882118,-10.084614,2,Enterocyte.Mature.Proximal
B1_ATGTAAACAACCTG_Goblet,-16.258995,13.063484,3,Goblet
B1_ATGTAAACCCTTTA_Stem,-10.460607,3.175791,0,Stem
B1_ATGTAAACTGTCGA_Enterocyte.Progenitor.Late,6.595157,-2.494358,1,Enterocyte.Progenitor.Late
B1_ATGTACCTGCTATG_TA.Early,6.4349303,-13.855713,0,TA.Early
B1_ATGTCGGAGAGGAC_Enterocyte.Mature.Proximal,19.769125,-11.603491,5,Enterocyte.Mature.Proximal
B1_ATGTCGGATGAGGG_Enterocyte.Progenitor.Early,3.2017152,-5.51259,1,Enterocyte.Progenitor.Early
B1_ATGTTGCTCATGGT_Stem,-7.5514092,8.079104,0,Stem
B1_ATGTTGCTTGCGTA_Goblet,-15.048161,15.440272,3,Goblet
B1_ATTACCACATTCCT_Enterocyte.Progenitor.Late,4.2337313,0.42884454,1,Enterocyte.Progenitor.Late
B1_ATTAGATGACTGTG_Goblet,-13.9454775,13.002169,3,Goblet
B1_ATTAGTGAACCCTC_TA.G1,-1.8984104,-9.3108635,1,TA.G1
B1_ATTAGTGATAGAAG_Enterocyte.Progenitor.Late,6.9311666,0.25574815,1,Enterocyte.Progenitor.Late
B1_ATTCCATGACGCAT_Enterocyte.Immature.Proximal,13.995183,-8.569413,2,Enterocyte.Immature.Proximal
B1_ATTCGACTCCTTTA_TA.Early,-5.927055,-7.6633816,6,TA.Early
B1_ATTCGACTGGTGTT_Goblet,-18.461699,16.967163,3,Goblet
B1_ATTCGGGAAAGTGA_Enterocyte.Progenitor,6.943549,-3.2209692,1,Enterocyte.Progenitor
B1_ATTCGGGACATACG_Enterocyte.Mature.Proximal,18.621449,-10.634756,5,Enterocyte.Mature.Proximal
B1_ATTGCACTCGATAC_TA.Early,-1.6403399,6.96102,0,TA.Early
B1_ATTGCACTTGGGAG_Enterocyte.Progenitor,7.492782,-12.083661,1,Enterocyte.Progenitor
B1_ATTGCGGACCATGA_Enterocyte.Immature.Proximal,15.144386,-7.1550503,2,Enterocyte.Immature.Proximal
B1_ATTGCTACAAGCAA_Goblet,-18.704136,16.811356,3,Goblet
B1_ATTGGTCTGCGTAT_TA.Early,4.214034,1.4369847,1,TA.Early
B1_ATTGTAGAAGGGTG_TA.Early,1.1463748,-13.623825,0,TA.Early
B1_ATTGTAGAGGTAAA_Enterocyte.Immature.Proximal,14.522519,-9.470824,2,Enterocyte.Immature.Proximal
B1_ATTGTAGAGTAGCT_Stem,-8.127487,-0.15297656,0,Stem
B1_ATTGTAGATCTTTG_TA.Early,-1.0276297,1.4489384,0,TA.Early
B1_ATTGTCTGTACGAC_Enterocyte.Progenitor,3.0000226,-5.9685855,1,Enterocyte.Progenitor
B1_ATTTCTCTTATGGC_Goblet,-15.215195,13.753845,3,Goblet
B1_CAAACTCTATTGGC_TA.Early,5.504715,6.049677,1,TA.Early
B1_CAAAGCACGGACAG_Enterocyte.Progenitor.Early,2.4102664,-6.089916,1,Enterocyte.Progenitor.Early
B1_CAAATTGACTTCCG_Enterocyte.Mature.Proximal,20.52755,-10.228315,5,Enterocyte.Mature.Proximal
B1_CAAATTGATCTATC_Enterocyte.Progenitor.Late,0.83295304,-7.601139,1,Enterocyte.Progenitor.Late
B1_CAACAGACCTGTAG_Goblet,-19.449158,16.993523,3,Goblet
B1_CAACAGACTAAGCC_TA.G2,-4.5915165,-3.6430807,6,TA.G2
B1_CAACCAGAATGGTC_Goblet,-14.566517,13.7709255,3,Goblet
B1_CAACCGCTAGCCTA_Stem,-8.764038,5.107363,0,Stem
B1_CAACGAACGTACAC_Tuft,-16.65308,6.005071,8,Tuft
B1_CAACGATGCTCAAG_TA.G1,-8.425017,-1.367985,0,TA.G1
B1_CAACGATGGTTCGA_Enterocyte.Progenitor.Early,-7.202862,-3.1970441,6,Enterocyte.Progenitor.Early
B1_CAACGTGATACGAC_Enterocyte.Immature.Distal,11.533888,-10.36096,2,Enterocyte.Immature.Distal
B1_CAAGAAGAACTGTG_Enterocyte.Progenitor.Late,8.3770075,-4.495796,1,Enterocyte.Progenitor.Late
B1_CAAGAAGAAGAGAT_Enterocyte.Immature.Proximal,14.76841,-9.700704,2,Enterocyte.Immature.Proximal
B1_CAAGAAGAGCTACA_Enterocyte.Progenitor.Late,5.0272617,-1.3409979,1,Enterocyte.Progenitor.Late
B1_CAAGACACAACGTC_TA.Early,-2.1728425,-11.597298,0,TA.Early
B1_CAAGACACCTTAGG_Tuft,-0.89281464,13.872368,8,Tuft
B1_CAAGACTGTACTCT_Enterocyte.Mature.Proximal,18.477749,-10.205101,5,Enterocyte.Mature.Proximal
B1_CAAGCATGTAGAGA_Enterocyte.Progenitor,7.079836,7.813216,1,Enterocyte.Progenitor
B1_CAAGCCCTCGTGAT_Enterocyte.Progenitor.Early,-1.9264702,-7.1730886,1,Enterocyte.Progenitor.Early
B1_CAAGCTGATGGAAA_Stem,-7.3866205,-1.7851392,0,Stem
B1_CAAGTCGAGTATCG_TA.G1,-5.8768206,6.533499,0,TA.G1
B1_CAATAAACTACTCT_Enterocyte.Progenitor.Early,3.0042586,-8.466603,1,Enterocyte.Progenitor.Early
B1_CAATAATGAAAGCA_Enterocyte.Mature.Proximal,18.04517,-11.836774,5,Enterocyte.Mature.Proximal
B1_CAATAATGTGTCGA_Enterocyte.Progenitor.Early,0.6846449,-3.475502,1,Enterocyte.Progenitor.Early
B1_CAATAATGTTGAGC_Endocrine,-5.8103476,13.311934,7,Endocrine
B1_CAATATGACCTGTC_Enterocyte.Progenitor.Early,2.7131643,-7.3488708,1,Enterocyte.Progenitor.Early
B1_CAATATGATGACCA_Enterocyte.Immature.Distal,14.435683,-3.6597497,4,Enterocyte.Immature.Distal
B1_CAATCGGAATTCTC_Enterocyte.Mature.Distal,20.915808,-7.818593,5,Enterocyte.Mature.Distal
B1_CAATCGGACCCTCA_Enterocyte.Progenitor,1.5698862,1.0424608,1,Enterocyte.Progenitor
B1_CAATGGACTAGACC_Enterocyte.Progenitor.Late,6.8244486,-0.8939242,1,Enterocyte.Progenitor.Late
B1_CAATGGACTGTGCA_TA.Early,-0.3501359,0.41237837,1,TA.Early
B1_CACAGAACCGGAGA_Enterocyte.Immature.Proximal,11.150003,-7.8774247,2,Enterocyte.Immature.Proximal
B1_CACAGATGGATAAG_Goblet,-17.67752,16.038734,3,Goblet
B1_CACAGCCTTTACCT_Paneth,-1.1311682,-1.044139,0,Paneth
B1_CACCACTGACCACA_Enterocyte.Immature.Distal,12.060423,-2.9528391,4,Enterocyte.Immature.Distal
B1_CACCACTGCTTGGA_TA.Early,2.3954506,-2.678163,1,TA.Early
B1_CACCCATGCCAAGT_Stem,-4.752791,2.9484136,0,Stem
B1_CACCGTACAGGCGA_Enterocyte.Mature.Proximal,19.649635,-10.6698885,5,Enterocyte.Mature.Proximal
B1_CACCGTACGGCGAA_Enterocyte.Progenitor.Late,9.585883,-3.911462,2,Enterocyte.Progenitor.Late
B1_CACCGTTGTTTACC_Endocrine,-3.3549106,-7.2123504,6,Endocrine
B1_CACGAAACTCGTAG_Enterocyte.Progenitor.Early,2.095089,1.177673,1,Enterocyte.Progenitor.Early
B1_CACGCTACCTGACA_Tuft,-17.039473,6.027531,8,Tuft
B1_CACGCTACTGTGAC_TA.G2,11.7838745,3.5643852,6,TA.G2
B1_CACTAACTGTGTTG_Stem,-1.5289072,7.214856,0,Stem
B1_CACTAGGAGGAGCA_Stem,-8.604797,4.000156,0,Stem
B1_CACTCCGATGGTCA_Enterocyte.Progenitor,6.2535253,5.4501863,1,Enterocyte.Progenitor
B1_CACTCTCTATCTTC_TA.G1,-1.4352392,-1.6485761,0,TA.G1
B1_CACTGAGAAAGATG_Enterocyte.Progenitor.Early,2.2016218,-10.459636,1,Enterocyte.Progenitor.Early
B1_CACTGCACTGGTGT_Enterocyte.Mature.Distal,17.058731,-4.0514383,4,Enterocyte.Mature.Distal
B1_CACTGCTGACACTG_Enterocyte.Progenitor.Early,-8.731946,-8.481074,6,Enterocyte.Progenitor.Early
B1_CACTGCTGCGTTAG_TA.Early,0.13508506,7.015165,0,TA.Early
B1_CACTGCTGTAGAGA_Enterocyte.Immature.Distal,18.440414,-3.5003443,4,Enterocyte.Immature.Distal
B1_CACTTAACATCACG_Endocrine,-11.039015,10.542654,7,Endocrine
B1_CACTTAACCGATAC_Stem,-9.51635,1.9508262,0,Stem
B1_CACTTAACTACTTC_TA.G1,-1.6929861,-3.0480332,1,TA.G1
B1_CACTTATGAGAGGC_Enterocyte.Progenitor.Early,-1.6012138,-5.604543,6,Enterocyte.Progenitor.Early
B1_CACTTTGAGAGACG_TA.G1,1.4457319,4.720325,1,TA.G1
B1_CACTTTGATGAGAA_TA.Early,0.91312504,0.8491177,1,TA.Early
B1_CAGAAGCTATGTGC_Enterocyte.Progenitor.Early,9.261718,0.26503262,1,Enterocyte.Progenitor.Early
B1_CAGAAGCTTCCTGC_Stem,-3.2024825,2.8506112,0,Stem
B1_CAGAAGCTTTACTC_TA.G1,1.2838806,-1.850319,1,TA.G1
B1_CAGACAACGTCATG_TA.G2,-4.4099374,-6.191685,6,TA.G2
B1_CAGACAACTACTCT_Enterocyte.Progenitor.Late,9.498821,-1.2683511,2,Enterocyte.Progenitor.Late
B1_CAGACAACTGGTAC_TA.Early,5.89451,-9.326447,1,TA.Early
B1_CAGACCCTCGCCTT_Stem,-6.2073417,2.2572289,0,Stem
B1_CAGACTGAGGACGA_TA.Early,4.6155457,4.6406026,0,TA.Early
B1_CAGAGGGAGGAGCA_Stem,-7.2464957,-0.46210593,0,Stem
B1_CAGATGACGCTGAT_Enterocyte.Mature.Proximal,20.640057,-8.970741,5,Enterocyte.Mature.Proximal
B1_CAGCACCTGTTGCA_Enterocyte.Progenitor.Early,1.0544407,-2.5702465,0,Enterocyte.Progenitor.Early
B1_CAGCATGAGACGTT_Goblet,-18.43497,16.947031,3,Goblet
B1_CAGCCTTGGAATGA_Enterocyte.Immature.Proximal,14.930137,-8.607909,2,Enterocyte.Immature.Proximal
B1_CAGCCTTGGACACT_Goblet,-19.69384,17.62257,3,Goblet
B1_CAGCGGACACCATG_Enterocyte.Progenitor.Late,6.686125,-2.3004029,1,Enterocyte.Progenitor.Late
B1_CAGCGGACCTATTC_TA.Early,-2.2807946,0.9054823,1,TA.Early
B1_CAGCGTCTCTCGCT_Enterocyte.Progenitor.Early,1.5579697,-7.551643,1,Enterocyte.Progenitor.Early
B1_CAGCGTCTGTAGGG_Stem,-9.3839655,3.3022544,0,Stem
B1_CAGCGTCTTGCGTA_TA.Early,-2.5638118,3.9670281,0,TA.Early
B1_CAGCGTCTTTAGGC_TA.G2,4.573381,9.504653,6,TA.G2
B1_CAGCTCACCTGCAA_Enterocyte.Progenitor,10.096032,1.4404655,1,Enterocyte.Progenitor
B1_CAGCTCTGTTGTCT_Enterocyte.Immature.Proximal,12.796216,-9.113547,2,Enterocyte.Immature.Proximal
B1_CAGGAACTACCTTT_Enterocyte.Progenitor.Early,2.6368449,-4.168807,1,Enterocyte.Progenitor.Early
B1_CAGGAACTGCGTTA_TA.G2,-5.479169,-6.972972,6,TA.G2
B1_CAGGCCGAGCAGAG_Stem,-6.6961164,6.6798406,0,Stem
B1_CAGGCCGAGCAGTT_Enterocyte.Progenitor,1.8644279,-4.519655,1,Enterocyte.Progenitor
B1_CAGGCCGATCCCAC_TA.G1,1.1687939,-2.7199473,1,TA.G1
B1_CAGGCCGATTGGTG_Enterocyte.Progenitor,6.133258,-6.1645365,1,Enterocyte.Progenitor
B1_CAGGTAACCGGAGA_Stem,-10.307849,-1.5894468,0,Stem
B1_CAGGTAACCTCTAT_Goblet,-13.178702,13.84581,3,Goblet
B1_CAGGTTGATGTTCT_Enterocyte.Mature.Proximal,20.34911,-8.751942,5,Enterocyte.Mature.Proximal
B1_CAGTGATGGGAACG_TA.Early,-0.7777414,6.141051,0,TA.Early
B1_CAGTGTGATCTAGG_Stem,-7.6413865,4.4511523,0,Stem
B1_CAGTTACTTCAGTG_TA.G2,-4.7064834,-4.8153114,6,TA.G2
B1_CAGTTACTTTTGCT_TA.Early,-3.546605,2.4274204,0,TA.Early
B1_CAGTTGGACTTTAC_Paneth,-11.648471,18.52013,3,Paneth
B1_CAGTTGGAGTCAAC_Stem,-9.254956,1.3702142,0,Stem
B1_CAGTTTACATGACC_Stem,-13.297406,12.3014,3,Stem
B1_CAGTTTACCGCCTT_Enterocyte.Progenitor,4.0326037,-2.3124864,1,Enterocyte.Progenitor
B1_CAGTTTACCTGTAG_Paneth,-11.256652,18.761923,3,Paneth
B1_CATACTACAGCTCA_Enterocyte.Immature.Distal,14.895114,-3.2410908,4,Enterocyte.Immature.Distal
B1_CATCATACTTGTGG_TA.G2,-4.539646,-4.2672687,6,TA.G2
B1_CATCGCTGCTTTAC_Goblet,-20.549135,16.98698,3,Goblet
B1_CATCTCCTGGCGAA_Enterocyte.Progenitor,1.6291496,-1.6258403,1,Enterocyte.Progenitor
B1_CATCTCCTTGCTGA_Enterocyte.Immature.Proximal,10.469424,-6.7188044,2,Enterocyte.Immature.Proximal
B1_CATCTTGAAAGAAC_TA.G2,-4.7707534,5.6221223,0,TA.G2
B1_CATCTTGATTACCT_Endocrine,-11.024615,10.426111,7,Endocrine
B1_CATGAGACGACGAG_Endocrine,-5.589128,13.0393,0,Endocrine
B1_CATGAGACTGCAGT_Enterocyte.Immature.Proximal,15.2927885,-9.760359,2,Enterocyte.Immature.Proximal
B1_CATGGATGTTCCCG_Enterocyte.Progenitor,8.001401,-6.566058,2,Enterocyte.Progenitor
B1_CATGTACTAACTGC_Paneth,4.860783,7.5884523,1,Paneth
B1_CATGTTACCTTAGG_Enterocyte.Immature.Proximal,15.343185,-6.782075,2,Enterocyte.Immature.Proximal
B1_CATGTTACGACGAG_Endocrine,-5.6065493,13.622957,7,Endocrine
B1_CATGTTTGACGCTA_Paneth,-5.5733237,9.564985,0,Paneth
B1_CATTACACAGCACT_Enterocyte.Progenitor,0.6878241,-10.438337,1,Enterocyte.Progenitor
B1_CATTACACCTCGAA_Enterocyte.Progenitor,6.198923,-3.1775458,1,Enterocyte.Progenitor
B1_CATTCCCTACCCAA_Endocrine,-11.793174,8.805482,7,Endocrine
B1_CATTCCCTGACGGA_TA.Early,3.6217258,-10.080972,1,TA.Early
B1_CATTGACTGGTAAA_Goblet,-15.859734,14.883719,3,Goblet
B1_CATTGTACACCGAT_Tuft,-17.26674,5.7374334,8,Tuft
B1_CCAAAGTGTCGTAG_TA.Early,-1.7954147,0.59356165,1,TA.Early
B1_CCAAGTGATTCAGG_TA.Early,-5.78657,2.2556303,0,TA.Early
B1_CCACCATGGACGGA_Endocrine,-9.547322,13.97151,7,Endocrine
B1_CCACCTGAACCTAG_Enterocyte.Mature.Proximal,20.113768,-9.190706,5,Enterocyte.Mature.Proximal
B1_CCACCTGAGGCGAA_Endocrine,-5.2571487,11.524935,7,Endocrine
B1_CCACTGACGTAAGA_TA.G1,2.6935008,-0.9737549,1,TA.G1
B1_CCACTGTGCATGCA_Stem,1.7564822,1.6126734,0,Stem
B1_CCACTTCTCCTAAG_Tuft,-17.270315,5.777963,8,Tuft
B1_CCAGCACTCCAAGT_Enterocyte.Mature.Distal,19.555414,-5.1652517,5,Enterocyte.Mature.Distal
B1_CCAGCACTCTGAAC_Enterocyte.Mature.Distal,22.505978,-9.634291,5,Enterocyte.Mature.Distal
B1_CCAGCGGACCCTTG_Endocrine,-5.4797115,13.411503,7,Endocrine
B1_CCAGCGGACTGATG_Enterocyte.Progenitor,10.495872,-2.9968953,1,Enterocyte.Progenitor
B1_CCAGGTCTCCCACT_Endocrine,-15.68081,14.141331,3,Endocrine
B1_CCAGGTCTGTCCTC_Enterocyte.Progenitor,5.5346174,-4.347618,1,Enterocyte.Progenitor
B1_CCAGTCACGCTGAT_Enterocyte.Progenitor.Late,3.1108866,-2.0772054,1,Enterocyte.Progenitor.Late
B1_CCAGTCTGACCAGT_Stem,-11.730638,-1.0153008,0,Stem
B1_CCAGTCTGCATGCA_TA.Early,5.244542,-2.1955318,1,TA.Early
B1_CCATAGGACGGGAA_Goblet,-20.79128,17.030148,3,Goblet
B1_CCATAGGACTGTAG_Enterocyte.Immature.Distal,12.908842,-2.9229527,4,Enterocyte.Immature.Distal
B1_CCATATACTTGCAG_Enterocyte.Progenitor.Early,1.056775,-8.88137,1,Enterocyte.Progenitor.Early
B1_CCATCCGAAAAACG_Stem,-7.972006,5.5422454,0,Stem
B1_CCATCCGACTAGAC_TA.G1,-3.2388315,2.5365868,0,TA.G1
B1_CCATCCGAGTATGC_Enterocyte.Progenitor.Late,9.53741,-2.1361403,1,Enterocyte.Progenitor.Late
B1_CCATCGTGTGCACA_Paneth,-11.268872,18.739368,3,Paneth
B1_CCATTAACCTACTT_TA.Early,1.2755283,12.168242,1,TA.Early
B1_CCCAAAGAGTACCA_Tuft,-14.713595,6.35948,8,Tuft
B1_CCCAAAGATTATCC_Enterocyte.Immature.Distal,11.872678,-5.078828,2,Enterocyte.Immature.Distal
B1_CCCACATGGAGGAC_Tuft,7.264587,-10.311994,4,Tuft
B1_CCCAGACTAATGCC_Stem,-7.3543453,1.182654,0,Stem
B1_CCCAGACTTCCCGT_Enterocyte.Progenitor,5.882696,-5.14896,1,Enterocyte.Progenitor
B1_CCCATGTGACGGAG_TA.G1,2.234063,-1.2284325,1,TA.G1
B1_CCCGAACTCAACCA_TA.G1,0.5051227,-1.0179145,1,TA.G1
B1_CCCGAACTTATGCG_Enterocyte.Progenitor.Late,8.269769,-1.0598768,1,Enterocyte.Progenitor.Late
B1_CCCTACGACTGGTA_Goblet,-18.747538,16.873468,3,Goblet
B1_CCCTACGATCACCC_TA.G1,-4.1969767,1.0178621,0,TA.G1
B1_CCCTAGTGCTGGAT_Enterocyte.Immature.Distal,16.604729,-3.0047808,4,Enterocyte.Immature.Distal
B1_CCCTCAGATAAGCC_TA.G2,-2.858872,-6.3493533,6,TA.G2
B1_CCCTCAGATGTTTC_Enterocyte.Immature.Proximal,14.554719,-9.8847275,2,Enterocyte.Immature.Proximal
B1_CCCTGAACTCAGTG_Stem,0.023854857,5.0807576,0,Stem
B1_CCCTGATGGAGGTG_Enterocyte.Progenitor.Early,5.0558977,-6.400037,1,Enterocyte.Progenitor.Early
B1_CCCTTACTTCCTTA_Stem,-10.155539,0.79769146,0,Stem
B1_CCGAAAACTACTTC_TA.Early,-0.08734972,0.59025586,1,TA.Early
B1_CCGACACTCCCGTT_Goblet,-15.058521,14.221503,3,Goblet
B1_CCGACACTGGGATG_Enterocyte.Progenitor.Early,2.2866068,-1.3063893,1,Enterocyte.Progenitor.Early
B1_CCGACTACGCTTAG_Stem,-4.063493,0.20288925,0,Stem
B1_CCGGAGACAACGGG_Stem,-5.7378054,8.055863,0,Stem
B1_CCGGTACTGTCTAG_Endocrine,-12.403139,9.338133,7,Endocrine
B1_CCGGTACTGTGAGG_Goblet,-15.671621,16.664047,3,Goblet
B1_CCGTAAGACCAATG_Enterocyte.Progenitor.Late,9.131104,-1.2286309,1,Enterocyte.Progenitor.Late
B1_CCGTAAGACCTCCA_Endocrine,-5.7141504,12.996274,7,Endocrine
B1_CCGTAAGAGCTATG_Enterocyte.Progenitor.Late,7.6226716,-1.9677281,1,Enterocyte.Progenitor.Late
B1_CCGTACACCAAGCT_TA.G1,-0.81747806,-1.6402665,1,TA.G1
B1_CCTAAACTACACTG_Enterocyte.Progenitor,10.214607,-0.4325358,1,Enterocyte.Progenitor
B1_CCTAAACTTTCCCG_Enterocyte.Progenitor,8.775319,-10.957902,4,Enterocyte.Progenitor
B1_CCTAAGGATCAAGC_Endocrine,-10.816688,10.804162,7,Endocrine
B1_CCTAGAGAACAGTC_Stem,3.9172685,0.25983715,1,Stem
B1_CCTAGAGAAGAGAT_Stem,-1.670725,2.592477,0,Stem
B1_CCTATAACCAGAGG_Stem,-5.1539936,2.3774557,0,Stem
B1_CCTATTGACTTGGA_Stem,-5.7145343,0.2772394,0,Stem
B1_CCTCATCTCGTTGA_Stem,-8.671119,5.318813,0,Stem
B1_CCTCTACTAGTACC_Enterocyte.Progenitor.Early,8.980302,-2.6833665,1,Enterocyte.Progenitor.Early
B1_CCTGCAACCGTTAG_TA.Early,6.0326314,-2.5506363,1,TA.Early
B1_CGAACATGATCGTG_Enterocyte.Immature.Distal,14.374675,-1.6101729,4,Enterocyte.Immature.Distal
B1_CGAACATGCTGAGT_TA.G2,-3.8577218,-2.2796047,0,TA.G2
B1_CGAAGACTTCTACT_Stem,-6.697686,7.3804717,0,Stem
B1_CGACAAACAAACGA_Stem,-7.8712006,4.6699142,0,Stem
B1_CGACCACTCACACA_Endocrine,-7.871554,11.043997,7,Endocrine
B1_CGACCACTCACTGA_Enterocyte.Mature.Proximal,19.875402,-8.392144,5,Enterocyte.Mature.Proximal
B1_CGACCGGAACCAGT_TA.Early,-3.7453346,3.7892761,0,TA.Early
B1_CGACCTACAAACGA_Enterocyte.Progenitor.Early,-0.94330835,-3.5565643,1,Enterocyte.Progenitor.Early
B1_CGACGTCTCGGAGA_Endocrine,-12.702859,9.663527,7,Endocrine
B1_CGACTGCTTATCGG_TA.Early,7.8202796,-3.2196233,1,TA.Early
B1_CGAGAACTACCATG_Stem,-9.801142,8.423581,0,Stem
B1_CGAGCCGACCATGA_TA.Early,2.2106006,-2.6627548,1,TA.Early
B1_CGAGCCGACTACGA_Enterocyte.Progenitor.Early,-0.4647393,-5.825272,1,Enterocyte.Progenitor.Early
B1_CGAGGAGAGTGTTG_Enterocyte.Immature.Distal,13.671554,-2.9998538,4,Enterocyte.Immature.Distal
B1_CGAGGAGAGTTTCT_Stem,-8.389598,6.951757,0,Stem
B1_CGAGGAGATGGGAG_TA.Early,-0.08918372,1.6377523,1,TA.Early
B1_CGAGGCTGGAGGAC_Stem,-8.669541,0.7816103,0,Stem
B1_CGAGGCTGTTCTAC_TA.Early,3.2463608,-0.96818036,1,TA.Early
B1_CGAGGGCTACCAGT_TA.G1,-6.3009477,0.84131336,0,TA.G1
B1_CGAGTATGGTTGCA_TA.Early,-3.822787,1.9477472,0,TA.Early
B1_CGAGTATGTCCCAC_Enterocyte.Progenitor.Late,4.5943246,-4.8354826,1,Enterocyte.Progenitor.Late
B1_CGATACGATTCAGG_Paneth,-11.820377,-0.8388407,0,Paneth
B1_CGATAGACGTTAGC_Enterocyte.Progenitor.Late,8.791101,5.921452,1,Enterocyte.Progenitor.Late
B1_CGCACGGAGTGTAC_Stem,-14.166255,0.79587924,0,Stem
B1_CGCAGGTGCTAGCA_TA.Early,1.1538073,6.0807104,0,TA.Early
B1_CGCATAGAAACGAA_Enterocyte.Progenitor,3.5409935,-1.7406199,1,Enterocyte.Progenitor
B1_CGCATAGACACTTT_TA.G2,-4.4562817,-6.017585,6,TA.G2
B1_CGCCGAGAAGAATG_TA.Early,0.30339238,7.013642,1,TA.Early
B1_CGCGGATGTGCAAC_Endocrine,-4.9964375,13.891412,7,Endocrine
B1_CGCTAAGAGTTACG_Stem,3.0708613,5.5821395,0,Stem
B1_CGCTCATGTAAGGA_Tuft,-16.006004,7.3820124,8,Tuft
B1_CGGAATTGTAACCG_Enterocyte.Immature.Distal,13.135432,-6.2472034,2,Enterocyte.Immature.Distal
B1_CGGACTCTGTCTAG_Enterocyte.Immature.Distal,15.631073,-3.7999454,4,Enterocyte.Immature.Distal
B1_CGGAGGCTCTCATT_Stem,-4.3345246,-12.631276,0,Stem
B1_CGGATAACCCTACC_Goblet,-15.423526,11.156352,3,Goblet
B1_CGGATAACGCTAAC_Stem,-4.511907,6.8191047,0,Stem
B1_CGGATAACGTAAGA_Endocrine,-9.797055,13.8291855,7,Endocrine
B1_CGGCATCTGGATCT_Enterocyte.Progenitor.Late,7.308975,2.479902,1,Enterocyte.Progenitor.Late
B1_CGGTAAACAACGAA_TA.Early,7.4552326,-0.38109452,1,TA.Early
B1_CGGTACCTGGCGAA_Enterocyte.Progenitor.Early,4.0119157,-6.1459627,1,Enterocyte.Progenitor.Early
B1_CGGTACCTTGTTCT_TA.Early,2.954728,3.1792536,1,TA.Early
B1_CGTAACGAAGTACC_Enterocyte.Progenitor.Early,-10.39296,4.943515,0,Enterocyte.Progenitor.Early
B1_CGTACAGATCTACT_Enterocyte.Immature.Distal,15.17821,-4.3130226,4,Enterocyte.Immature.Distal
B1_CGTACAGATGTCTT_Stem,-5.0335093,6.3700724,0,Stem
B1_CGTACCACACCATG_Enterocyte.Progenitor.Late,9.351212,-4.36044,2,Enterocyte.Progenitor.Late
B1_CGTACCTGTGTCTT_Paneth,-6.306026,-0.6404942,0,Paneth
B1_CGTCAAGAGACACT_Goblet,-15.727069,15.244423,3,Goblet
B1_CGTGATGATTGGTG_Enterocyte.Progenitor.Early,3.1221147,-5.060485,1,Enterocyte.Progenitor.Early
B1_CGTGCACTACTAGC_TA.G1,-2.8213708,-3.2057517,6,TA.G1
B1_CGTGCACTGACGTT_Enterocyte.Progenitor.Early,0.46504948,-10.537093,1,Enterocyte.Progenitor.Early
B1_CGTTAACTACACTG_TA.Early,-1.5343376,0.7118524,0,TA.Early
B1_CGTTAACTCCTACC_Goblet,-18.809477,18.032652,3,Goblet
B1_CGTTAGGAAGCCAT_Enterocyte.Progenitor,2.846685,-0.42391902,1,Enterocyte.Progenitor
B1_CGTTAGGACCGAAT_Stem,-7.091721,7.973624,0,Stem
B1_CGTTATACGAGAGC_Enterocyte.Progenitor,0.19778702,-6.9802203,1,Enterocyte.Progenitor
B1_CGTTTAACAAAGCA_Endocrine,-12.328941,9.661297,7,Endocrine
B1_CGTTTAACGTCACA_Goblet,-16.901358,14.263535,3,Goblet
B1_CTAACTACGCATCA_TA.G2,-2.2859035,0.05083464,0,TA.G2
B1_CTAAGGTGCCAACA_Stem,-2.7579515,4.6036863,0,Stem
B1_CTAATGCTGAGACG_Enterocyte.Progenitor.Late,2.1644785,-5.387003,1,Enterocyte.Progenitor.Late
B1_CTACAACTACGGTT_Enterocyte.Immature.Proximal,14.107837,-10.6127825,2,Enterocyte.Immature.Proximal
B1_CTACAACTAGAACA_Enterocyte.Mature.Proximal,19.560225,-10.63654,5,Enterocyte.Mature.Proximal
B1_CTACGCACCGCCTT_Goblet,-17.249903,15.919842,3,Goblet
B1_CTACGGCTCCCACT_Paneth,-6.7860055,2.5302196,0,Paneth
B1_CTACGGCTCTAGTG_TA.G2,-4.5196314,-5.795453,6,TA.G2
B1_CTACTCCTATCGTG_Enterocyte.Progenitor,6.318516,-4.289465,1,Enterocyte.Progenitor
B1_CTACTCCTCTCGCT_TA.Early,0.85060644,-0.24707516,1,TA.Early
B1_CTAGAGACACAGCT_TA.Early,0.7466222,-1.669984,1,TA.Early
B1_CTAGGATGCATCAG_Enterocyte.Progenitor,10.054124,-7.4527254,2,Enterocyte.Progenitor
B1_CTAGGCCTCGCCTT_Stem,-7.5410614,0.9994424,0,Stem
B1_CTAGGTGAGTGAGG_Paneth,-4.058706,6.449463,0,Paneth
B1_CTAGTTACACAGCT_Stem,-3.0351796,7.022124,0,Stem
B1_CTAGTTACACCACA_Enterocyte.Immature.Proximal,8.577386,-6.307825,2,Enterocyte.Immature.Proximal
B1_CTAGTTTGGAGGAC_Paneth,-8.380932,-3.6990757,0,Paneth
B1_CTATAAGATGTGGT_Tuft,-1.3862339,11.833278,6,Tuft
B1_CTATACTGACCAAC_Goblet,-18.316866,16.589733,3,Goblet
B1_CTATACTGTAGACC_TA.Early,-2.1829152,2.207022,0,TA.Early
B1_CTATCAACTTCTTG_Enterocyte.Progenitor.Late,4.259639,-10.974881,1,Enterocyte.Progenitor.Late
B1_CTATCATGCTTCTA_Enterocyte.Progenitor,7.024098,7.7243404,1,Enterocyte.Progenitor
B1_CTATCCCTAAGGTA_TA.G2,-3.339227,-6.3937373,6,TA.G2
B1_CTATGACTACGACT_Enterocyte.Immature.Distal,14.619217,-2.9310787,4,Enterocyte.Immature.Distal
B1_CTATGACTACGTGT_Enterocyte.Progenitor,6.489555,-4.9804893,1,Enterocyte.Progenitor
B1_CTATGTACACCTAG_Stem,-2.072369,-0.29277027,0,Stem
B1_CTATGTACGTTAGC_TA.Early,1.7763082,2.7214556,1,TA.Early
B1_CTATGTACTCAGAC_TA.Early,-11.779992,-3.8845313,0,TA.Early
B1_CTATTGACCTCTCG_Paneth,-13.344068,2.451409,0,Paneth
B1_CTATTGTGTGTCCC_Paneth,2.8771958,10.757221,0,Paneth
B1_CTCAGAGATCTAGG_Enterocyte.Immature.Proximal,14.479245,-9.490538,2,Enterocyte.Immature.Proximal
B1_CTCAGCACGGACGA_Enterocyte.Progenitor.Early,0.808897,-1.2549596,1,Enterocyte.Progenitor.Early
B1_CTCATTGAAAAGTG_TA.G2,-3.5155034,-0.0821963,0,TA.G2
B1_CTCCATCTTTTCGT_Stem,-4.043912,3.4083881,0,Stem
B1_CTCCGAACTGACAC_Stem,-11.055887,0.4838054,0,Stem
B1_CTCGAAGAGTTGCA_Enterocyte.Progenitor,1.3987601,-7.0568085,1,Enterocyte.Progenitor
B1_CTCGACACTGGCAT_Enterocyte.Immature.Proximal,13.347162,-7.264273,2,Enterocyte.Immature.Proximal
B1_CTCGACTGCACAAC_Enterocyte.Mature.Proximal,19.87992,-11.141798,5,Enterocyte.Mature.Proximal
B1_CTCGACTGTCGTTT_Stem,-5.612023,3.1242044,0,Stem
B1_CTCGCATGGGTACT_Enterocyte.Immature.Proximal,12.0502405,-5.448742,2,Enterocyte.Immature.Proximal
B1_CTCTAAACGCAGAG_TA.Early,-2.2336066,3.3595927,0,TA.Early
B1_CTCTAATGGCAGTT_Enterocyte.Immature.Proximal,15.350482,-7.6266823,2,Enterocyte.Immature.Proximal
B1_CTGAACGAGTAGGG_TA.G1,-1.8209696,-4.5244284,6,TA.G1
B1_CTGAAGACGGTGGA_Enterocyte.Progenitor,4.730227,-3.8022463,1,Enterocyte.Progenitor
B1_CTGAAGTGGAGATA_Endocrine,-4.989007,14.0995245,7,Endocrine
B1_CTGAATCTATCTCT_Enterocyte.Progenitor.Early,-0.63552773,-2.6446555,1,Enterocyte.Progenitor.Early
B1_CTGAATCTTCTCGC_Goblet,-19.68804,16.473259,3,Goblet
B1_CTGACAGACGGAGA_Endocrine,-7.8747535,11.013144,7,Endocrine
B1_CTGACCACAGCATC_Tuft,-16.95875,5.89998,8,Tuft
B1_CTGATTTGGGCATT_Goblet,-14.942055,14.142806,3,Goblet
B1_CTGCCAACGTGTAC_Enterocyte.Mature.Proximal,19.447945,-10.501582,5,Enterocyte.Mature.Proximal
B1_CTGCGACTAGCGGA_Enterocyte.Progenitor.Early,-2.679639,-9.397041,1,Enterocyte.Progenitor.Early
B1_CTGCGACTGCGTAT_Endocrine,-9.535404,14.000767,7,Endocrine
B1_CTGCGACTGGATCT_TA.Early,7.5998178,-1.2986087,1,TA.Early
B1_CTGCGACTTACGCA_Enterocyte.Mature.Proximal,21.563452,-10.015043,5,Enterocyte.Mature.Proximal
B1_CTGCGACTTGGAAA_Enterocyte.Immature.Distal,12.63381,-2.769798,4,Enterocyte.Immature.Distal
B1_CTGGAAACACACCA_Stem,-1.9669921,3.3793998,0,Stem
B1_CTGGATGATGCAGT_TA.Early,-7.6179123,-4.511313,0,TA.Early
B1_CTGGCACTATTCGG_Stem,0.23338442,5.492926,0,Stem
B1_CTGGCACTTCACCC_Enterocyte.Progenitor.Late,7.61061,-12.00306,4,Enterocyte.Progenitor.Late
B1_CTGGCACTTCCTGC_Enterocyte.Mature.Distal,17.850296,-4.360755,4,Enterocyte.Mature.Distal
B1_CTGTAACTGGAAAT_Enterocyte.Progenitor,2.6007242,-2.742063,1,Enterocyte.Progenitor
B1_CTTAAAGAACGTGT_Enterocyte.Immature.Distal,14.19328,-4.825333,2,Enterocyte.Immature.Distal
B1_CTTAAAGAGTGCTA_Stem,-5.4102616,-1.129446,0,Stem
B1_CTTAAGCTAAAGTG_TA.G2,-6.1347885,-3.9053524,6,TA.G2
B1_CTTAAGCTTGTAGC_Enterocyte.Mature.Distal,18.085304,-5.7344146,4,Enterocyte.Mature.Distal
B1_CTTACAACCGCCTT_Enterocyte.Immature.Distal,15.995097,-5.010498,4,Enterocyte.Immature.Distal
B1_CTTACAACTAGACC_Enterocyte.Progenitor.Late,5.80267,3.043683,1,Enterocyte.Progenitor.Late
B1_CTTACAACTCGTAG_TA.G1,-4.896697,-0.68604606,0,TA.G1
B1_CTTAGACTTCCAAG_Enterocyte.Immature.Distal,10.57394,-2.2561808,2,Enterocyte.Immature.Distal
B1_CTTATCGACGACTA_Goblet,-19.759672,17.72784,3,Goblet
B1_CTTCATGATTTCTG_Stem,-6.201112,2.6723983,0,Stem
B1_CTTCTAGAGACTAC_Enterocyte.Immature.Proximal,11.314812,-7.519512,2,Enterocyte.Immature.Proximal
B1_CTTGAACTTGGAAA_Enterocyte.Progenitor,4.5924916,-3.0600338,1,Enterocyte.Progenitor
B1_CTTTAGTGGGACGA_TA.G1,-4.699717,0.96246296,0,TA.G1
B1_CTTTCAGAACGGTT_Goblet,-15.086686,14.0106735,3,Goblet
B1_CTTTCAGAAGCGGA_Enterocyte.Progenitor.Late,10.28577,-10.614301,4,Enterocyte.Progenitor.Late
B1_GAAACCTGAACCGT_Enterocyte.Progenitor.Early,9.526616,-7.9559503,2,Enterocyte.Progenitor.Early
B1_GAAAGCCTGCGGAA_Tuft,-17.326473,5.80324,8,Tuft
B1_GAAATACTTCGATG_TA.Early,4.6777062,-0.7227501,1,TA.Early
B1_GAAATACTTTTCGT_TA.Early,2.52513,6.083117,1,TA.Early
B1_GAACACACATGTCG_Enterocyte.Immature.Distal,8.424429,-8.181339,1,Enterocyte.Immature.Distal
B1_GAACACACGTAGCT_Endocrine,-11.932873,8.117442,0,Endocrine
B1_GAACACACGTCATG_Enterocyte.Progenitor.Late,5.4055276,-1.6777941,1,Enterocyte.Progenitor.Late
B1_GAACAGCTCGTGAT_Paneth,2.4140098,0.35947877,1,Paneth
B1_GAACCAACCGCTAA_Enterocyte.Immature.Distal,13.312048,-6.1181865,2,Enterocyte.Immature.Distal
B1_GAACCTGAACGCTA_Enterocyte.Progenitor,4.2913065,6.439356,1,Enterocyte.Progenitor
B1_GAACGGGAAGTAGA_Enterocyte.Progenitor.Early,-4.6851034,-6.049282,6,Enterocyte.Progenitor.Early
B1_GAACGGGATGTGGT_Enterocyte.Immature.Distal,12.577417,-4.7548385,2,Enterocyte.Immature.Distal
B1_GAAGCGGAACAGTC_Enterocyte.Progenitor.Early,4.0676756,-7.522093,1,Enterocyte.Progenitor.Early
B1_GAAGCGGAGTGTTG_TA.G2,-7.404262,0.35906425,0,TA.G2
B1_GAAGCTTGCACAAC_TA.G1,-6.3138824,1.1657149,0,TA.G1
B1_GAAGGTCTGGTTAC_Enterocyte.Immature.Proximal,5.978948,3.111285,1,Enterocyte.Immature.Proximal
B1_GAAGTAGAGGTAAA_Enterocyte.Immature.Proximal,13.463156,-10.176081,2,Enterocyte.Immature.Proximal
B1_GAAGTCACAACCTG_Enterocyte.Immature.Distal,11.894723,-12.237501,2,Enterocyte.Immature.Distal
B1_GAAGTCACAAGCAA_Goblet,-16.09909,13.793825,3,Goblet
B1_GAAGTCACTTGCGA_Stem,-7.4842095,2.002507,0,Stem
B1_GAAGTCTGTTTCAC_TA.G2,-6.794393,0.00628034,0,TA.G2
B1_GAAGTGCTACCAAC_Enterocyte.Progenitor,3.8434975,-4.6091857,1,Enterocyte.Progenitor
B1_GAATGCACGAACTC_Endocrine,-10.2513075,11.336991,7,Endocrine
B1_GAATGCACGCTTCC_TA.G2,-5.2559767,-5.383931,6,TA.G2
B1_GAATGCTGGTACGT_TA.Early,-0.14003867,2.348556,0,TA.Early
B1_GAATGGCTGACGTT_Enterocyte.Progenitor,1.9219166,-7.619209,1,Enterocyte.Progenitor
B1_GAATGGCTGTAAGA_TA.Early,0.52085555,2.5207653,0,TA.Early
B1_GACAACACCATGCA_TA.Early,6.6825223,1.5665373,1,TA.Early
B1_GACAACTGGTATGC_Stem,-7.339302,4.2982473,0,Stem
B1_GACAGGGACGTTGA_Enterocyte.Progenitor.Late,7.0632014,-6.551165,1,Enterocyte.Progenitor.Late
B1_GACAGTACAGCGTT_Enterocyte.Mature.Proximal,19.269821,-10.88511,5,Enterocyte.Mature.Proximal
B1_GACATTCTAGTGTC_Enterocyte.Mature.Proximal,20.238483,-10.418255,5,Enterocyte.Mature.Proximal
B1_GACCATGAAATCGC_Enterocyte.Progenitor.Early,8.597235,2.0755546,1,Enterocyte.Progenitor.Early
B1_GACCTAGAATTCGG_Enterocyte.Progenitor.Late,8.742366,-4.481669,1,Enterocyte.Progenitor.Late
B1_GACCTAGACAGCTA_Tuft,-13.83769,5.532808,6,Tuft
B1_GACCTCACCCTGTC_Goblet,-20.530693,17.075312,3,Goblet
B1_GACCTCTGCTGCAA_TA.Early,-9.138089,-2.4854538,0,TA.Early
B1_GACGAGGAATCAGC_Goblet,-18.14532,14.1871,3,Goblet
B1_GACGATTGACTACG_Goblet,-17.542143,16.657825,3,Goblet
B1_GACGATTGTGACCA_TA.Early,4.6216135,2.4793997,1,TA.Early
B1_GACGCTCTGAGCAG_TA.G1,2.0901837,-0.44546622,1,TA.G1
B1_GACGCTCTTGTGCA_Enterocyte.Immature.Distal,2.8436425,-11.6326275,4,Enterocyte.Immature.Distal
B1_GACGTAACTGTCCC_Enterocyte.Progenitor.Early,2.2389207,-6.3284082,1,Enterocyte.Progenitor.Early
B1_GACGTAACTTACTC_Stem,-2.3003995,6.6061277,0,Stem
B1_GACTACGAAACTGC_Enterocyte.Mature.Proximal,20.020918,-10.536457,5,Enterocyte.Mature.Proximal
B1_GACTACGATTCTGT_Endocrine,-12.138424,9.361056,7,Endocrine
B1_GACTCCTGGTAGGG_Enterocyte.Immature.Proximal,13.315751,-7.0404162,2,Enterocyte.Immature.Proximal
B1_GACTGTGATTCGGA_Goblet,-17.578344,16.950455,3,Goblet
B1_GACTTTACACCCAA_TA.G1,-0.24894954,-1.5201331,1,TA.G1
B1_GACTTTACGCTGAT_TA.G1,-3.209773,6.2364364,0,TA.G1
B1_GAGATAGAACGACT_Paneth,-2.1996124,-1.3252527,0,Paneth
B1_GAGATAGACGTGTA_Endocrine,-5.2646155,14.295037,7,Endocrine
B1_GAGATGCTGATGAA_Stem,-4.245064,2.8752015,0,Stem
B1_GAGCAGGAGTAAAG_Enterocyte.Progenitor.Early,1.7029359,-4.2362227,1,Enterocyte.Progenitor.Early
B1_GAGCATACAGGGTG_Enterocyte.Mature.Proximal,21.505514,-10.252071,5,Enterocyte.Mature.Proximal
B1_GAGCGAGACATTCT_Stem,-3.7127311,4.468027,0,Stem
B1_GAGCGAGAGTCTGA_Enterocyte.Progenitor.Late,10.272443,-3.4024777,1,Enterocyte.Progenitor.Late
B1_GAGCGCACTGAGGG_TA.G1,-0.74745184,0.021054916,1,TA.G1
B1_GAGCGGCTTCCTAT_Enterocyte.Mature.Proximal,20.647327,-11.407498,5,Enterocyte.Mature.Proximal
B1_GAGCGGCTTGTCGA_Stem,-6.9910703,1.5618926,0,Stem
B1_GAGGACGACGTACA_Goblet,-18.03294,14.545663,3,Goblet
B1_GAGGCAGATCAAGC_Stem,8.568563,6.193043,0,Stem
B1_GAGGCCACGACTAC_Endocrine,-11.969443,9.329938,7,Endocrine
B1_GAGGCCACTCGATG_TA.G2,-2.44129,-6.1999373,6,TA.G2
B1_GAGGGAACCTACTT_TA.Early,-0.82536966,2.431115,1,TA.Early
B1_GAGGGCCTAAGTGA_Enterocyte.Progenitor.Early,4.344714,-7.6731935,1,Enterocyte.Progenitor.Early
B1_GAGGTGGACTGTGA_TA.G2,-2.1846375,-2.461055,6,TA.G2
B1_GAGGTTACTCAGAC_Stem,-2.133604,5.960873,0,Stem
B1_GAGTACACATCTCT_Enterocyte.Immature.Distal,14.629877,-3.350561,4,Enterocyte.Immature.Distal
B1_GAGTCTGAATACCG_Enterocyte.Progenitor.Early,4.2271347,-5.4999986,1,Enterocyte.Progenitor.Early
B1_GAGTCTGATTACTC_Stem,-4.881755,4.5510497,0,Stem
B1_GAGTGACTCTACCC_Enterocyte.Mature.Proximal,20.263723,-9.08356,5,Enterocyte.Mature.Proximal
B1_GATAATACCATTCT_Goblet,-16.914858,16.455582,3,Goblet
B1_GATACTCTATGTCG_Enterocyte.Mature.Proximal,18.787159,-10.5941,5,Enterocyte.Mature.Proximal
B1_GATACTCTGAAACA_Stem,-8.223197,1.1483607,0,Stem
B1_GATACTCTTGAGCT_Endocrine,-11.344304,9.96556,7,Endocrine
B1_GATAGAGAAACCAC_TA.Early,-2.5492141,-11.383317,6,TA.Early
B1_GATAGAGATGCTCC_Endocrine,-7.819615,12.488913,7,Endocrine
B1_GATATAACAGCTAC_Enterocyte.Mature.Proximal,20.33936,-10.987953,5,Enterocyte.Mature.Proximal
B1_GATATAACTCTTTG_TA.G2,-6.012562,-6.0106564,6,TA.G2
B1_GATATATGCTGGTA_Goblet,-17.829132,16.577665,3,Goblet
B1_GATATATGCTTACT_Goblet,-15.024062,14.211616,3,Goblet
B1_GATATTGAACCTAG_TA.Early,-1.3885587,1.7663498,0,TA.Early
B1_GATCCGCTTGCCAA_Goblet,-19.11343,17.31274,3,Goblet
B1_GATCGATGGTTGAC_Enterocyte.Progenitor.Late,-3.1417418,-1.9194837,1,Enterocyte.Progenitor.Late
B1_GATCTACTTCCAGA_Stem,-6.3006225,5.8299894,0,Stem
B1_GATCTTACGCTTCC_Endocrine,-9.483439,14.08941,7,Endocrine
B1_GATGACACAGTCGT_Enterocyte.Immature.Distal,16.071993,-3.5258489,4,Enterocyte.Immature.Distal
B1_GATGACACGACGAG_Enterocyte.Immature.Distal,13.97864,-6.835765,2,Enterocyte.Immature.Distal
B1_GATGCAACTACTCT_Enterocyte.Immature.Proximal,12.335924,-7.701127,2,Enterocyte.Immature.Proximal
B1_GATGCATGTCTATC_Stem,-10.145232,4.790723,0,Stem
B1_GATGCCCTTCCTTA_Endocrine,-3.9030905,15.062823,7,Endocrine
B1_GATTACCTTCTTTG_Enterocyte.Progenitor.Early,-1.6703186,-8.145177,1,Enterocyte.Progenitor.Early
B1_GATTCGGAAGAATG_Enterocyte.Progenitor,5.2756433,-5.4498806,1,Enterocyte.Progenitor
B1_GATTCGGAGTCTTT_Enterocyte.Progenitor,7.578982,0.96896785,1,Enterocyte.Progenitor
B1_GATTCTTGGTAAAG_Enterocyte.Progenitor.Early,-3.9056714,-8.811752,1,Enterocyte.Progenitor.Early
B1_GATTCTTGTGGTAC_Paneth,5.599078,-11.8326025,0,Paneth
B1_GATTGGACGACGAG_Enterocyte.Immature.Distal,13.461547,-2.9612937,4,Enterocyte.Immature.Distal
B1_GATTGGACGGAGTG_Goblet,-16.73094,15.156288,3,Goblet
B1_GATTGGACGTCAAC_Paneth,-7.9602776,-6.7987375,1,Paneth
B1_GATTGGTGCCTCCA_Stem,-2.4744241,1.2134151,0,Stem
B1_GATTTAGAGCGATT_Enterocyte.Immature.Distal,13.165101,-2.7282686,4,Enterocyte.Immature.Distal
B1_GATTTGCTAATCGC_Enterocyte.Progenitor,6.7358956,-5.261014,1,Enterocyte.Progenitor
B1_GATTTGCTCACTTT_TA.G1,1.4455892,-0.4965523,1,TA.G1
B1_GATTTGCTGACACT_TA.G2,-5.4720354,-4.0942993,6,TA.G2
B1_GATTTGCTTCTCTA_TA.Early,-0.8362281,3.9678848,0,TA.Early
B1_GCAAACTGAAGGCG_Enterocyte.Progenitor.Early,-0.003357772,0.09336173,1,Enterocyte.Progenitor.Early
B1_GCAAACTGAGAACA_Enterocyte.Progenitor.Early,-3.9129374,-5.702238,6,Enterocyte.Progenitor.Early
B1_GCAAACTGATACCG_Paneth,-9.310485,-2.530683,0,Paneth
B1_GCAACTGACTGAGT_TA.G1,-6.2570357,-2.723328,6,TA.G1
B1_GCAATCGACTTTAC_Enterocyte.Immature.Distal,13.677946,-3.6706626,4,Enterocyte.Immature.Distal
B1_GCAATTCTACGACT_Enterocyte.Immature.Proximal,15.182092,-10.8517065,2,Enterocyte.Immature.Proximal
B1_GCAATTCTCCTTCG_Enterocyte.Immature.Distal,11.056888,-9.325483,4,Enterocyte.Immature.Distal
B1_GCAATTCTTGCTTT_TA.G1,-2.639594,0.33289155,0,TA.G1
B1_GCACAAACTGAGAA_Enterocyte.Immature.Distal,10.845433,-9.514599,4,Enterocyte.Immature.Distal
B1_GCACAATGGCCCTT_Goblet,4.9174175,-10.084692,1,Goblet
B1_GCACAATGTACTCT_Stem,-8.845925,4.0725574,0,Stem
B1_GCACACCTCGACTA_Paneth,2.1098695,5.917617,0,Paneth
B1_GCACACCTTCGCAA_TA.Early,2.0440063,-9.600272,1,TA.Early
B1_GCACCACTACCACA_TA.Early,2.5137494,1.9273963,1,TA.Early
B1_GCACCACTACTCAG_Enterocyte.Progenitor.Late,6.12018,-0.8839008,2,Enterocyte.Progenitor.Late
B1_GCACCTACCTCAGA_Enterocyte.Immature.Proximal,16.09685,-8.594368,2,Enterocyte.Immature.Proximal
B1_GCACCTTGACGCTA_TA.Early,-0.20305975,3.4477994,0,TA.Early
B1_GCACCTTGGCCAAT_Enterocyte.Immature.Proximal,13.616807,-6.916141,2,Enterocyte.Immature.Proximal
B1_GCACCTTGGGGCAA_Tuft,-0.83303374,13.894457,8,Tuft
B1_GCACGTCTCGTACA_Tuft,-13.91765,5.6204877,6,Tuft
B1_GCACGTCTGACACT_Enterocyte.Progenitor,5.5023675,-2.8223553,1,Enterocyte.Progenitor
B1_GCACTGCTCACTTT_Paneth,-11.2852125,2.0399036,0,Paneth
B1_GCAGCGTGAACGTC_TA.Early,-0.5907602,1.7004435,0,TA.Early
B1_GCAGCGTGAGCCAT_Stem,-11.461761,-2.478752,0,Stem
B1_GCAGCGTGCGACTA_Paneth,-11.266901,18.693335,3,Paneth
B1_GCAGCTCTTGCTTT_Enterocyte.Mature.Proximal,21.594446,-11.130893,5,Enterocyte.Mature.Proximal
B1_GCAGTCCTGTTGAC_Enterocyte.Progenitor,-1.7152754,-8.355338,1,Enterocyte.Progenitor
B1_GCAGTTGAAACGGG_Paneth,-7.8359447,8.412695,6,Paneth
B1_GCATCAGATTCCAT_TA.G1,-1.4116825,-0.19420773,0,TA.G1
B1_GCATGATGGGGTGA_Enterocyte.Progenitor.Early,-0.20117699,-8.053868,1,Enterocyte.Progenitor.Early
B1_GCATGTGAGACTAC_Goblet,-19.395473,16.379215,3,Goblet
B1_GCATTGGAATCACG_TA.Early,-5.7533913,-7.399771,6,TA.Early
B1_GCCAACCTCCACCT_Paneth,0.018649071,-2.2075737,1,Paneth
B1_GCCAACCTGTGAGG_Endocrine,-7.7788825,12.527829,7,Endocrine
B1_GCCAACCTTGATGC_Tuft,-11.947563,8.07125,0,Tuft
B1_GCCACGGACTGAGT_Enterocyte.Immature.Proximal,12.960616,-7.2424707,2,Enterocyte.Immature.Proximal
B1_GCCACTACCCGAAT_TA.G1,-0.7064295,0.741036,0,TA.G1
B1_GCCACTACGGTCAT_Stem,-9.239907,1.9248174,0,Stem
B1_GCCATCACATGTCG_Stem,-8.199696,3.454013,0,Stem
B1_GCCATCACCGACTA_Stem,-4.3229504,3.3111427,0,Stem
B1_GCCATGCTGCGTTA_Stem,-0.7549732,4.4489202,0,Stem
B1_GCCATGCTGGTCAT_Stem,-9.4154625,2.4950747,0,Stem
B1_GCCCAACTATCTCT_TA.Early,-14.40321,0.79919225,0,TA.Early
B1_GCCCATACATTGGC_Enterocyte.Progenitor.Early,0.095539905,-3.38515,1,Enterocyte.Progenitor.Early
B1_GCCCATACGACGAG_Tuft,-15.248766,6.350526,8,Tuft
B1_GCCGACGATGGTGT_TA.G2,-4.3985796,2.6166527,0,TA.G2
B1_GCCGGAACATGGTC_Enterocyte.Progenitor.Early,-0.22274534,-5.427467,1,Enterocyte.Progenitor.Early
B1_GCCGGAACCAGAAA_Stem,-8.694302,2.075144,0,Stem
B1_GCCGGAACTCAAGC_Stem,-9.660956,2.6777465,0,Stem
B1_GCCGGAACTTGAGC_Stem,-6.952937,5.040832,0,Stem
B1_GCCGTACTCTTGTT_Enterocyte.Progenitor.Early,8.046714,3.6285992,1,Enterocyte.Progenitor.Early
B1_GCCGTACTGTACCA_Paneth,-11.205125,18.77724,3,Paneth
B1_GCCTACACAGACTC_Enterocyte.Mature.Proximal,19.843143,-9.957817,5,Enterocyte.Mature.Proximal
B1_GCCTACACCTACGA_Paneth,-9.84516,-0.19713388,0,Paneth
B1_GCCTAGCTACGCTA_Endocrine,-11.587957,8.683626,7,Endocrine
B1_GCCTAGCTCGAGAG_Enterocyte.Mature.Distal,22.341835,-7.910708,5,Enterocyte.Mature.Distal
B1_GCCTAGCTGATAGA_Enterocyte.Mature.Proximal,17.31064,-10.344418,2,Enterocyte.Mature.Proximal
B1_GCCTAGCTGCGAAG_Endocrine,-11.219273,9.740178,7,Endocrine
B1_GCCTCATGCTGGAT_Enterocyte.Immature.Distal,16.961039,-3.6414244,4,Enterocyte.Immature.Distal
B1_GCCTGACTTGTTTC_Stem,-6.6504755,3.9650888,0,Stem
B1_GCGAAGGATAAGGA_Enterocyte.Progenitor.Early,-2.2935627,-11.448746,1,Enterocyte.Progenitor.Early
B1_GCGAGCACCCGATA_TA.G2,-2.9703383,-6.1516533,6,TA.G2
B1_GCGAGCACTAGCGT_TA.G2,-5.9079914,-4.817183,6,TA.G2
B1_GCGATATGCTTGCC_Enterocyte.Progenitor.Late,4.848901,-1.9247377,1,Enterocyte.Progenitor.Late
B1_GCGATATGGTTGAC_Enterocyte.Mature.Proximal,16.317749,-10.4677515,2,Enterocyte.Mature.Proximal
B1_GCGCACGATGACTG_TA.G1,-0.46563303,9.421607,6,TA.G1
B1_GCGCGAACGTCGTA_Stem,-6.3351493,6.391151,0,Stem
B1_GCGCGATGTAGTCG_Goblet,-18.32635,17.575773,3,Goblet
B1_GCGGCAACTGCTTT_Stem,2.8374755,10.707558,0,Stem
B1_GCGGCAACTTACTC_TA.G1,5.633906,2.1454341,1,TA.G1
B1_GCGGGACTGGCAAG_Enterocyte.Progenitor.Late,7.462089,-4.4846635,1,Enterocyte.Progenitor.Late
B1_GCGTACCTAAGTGA_Paneth,-12.100749,18.292093,3,Paneth
B1_GCGTACCTGGAACG_Tuft,-16.251703,6.1367855,8,Tuft
B1_GCGTACCTTCGACA_Enterocyte.Progenitor,6.7330437,4.0189314,1,Enterocyte.Progenitor
B1_GCGTATGATCTCCG_TA.Early,0.86624485,0.002131981,1,TA.Early
B1_GCTAGAACACTTTC_Paneth,-0.3870872,4.5942583,1,Paneth
B1_GCTAGATGGGTGTT_Tuft,-10.707217,3.5772557,0,Tuft
B1_GCTATACTATTCTC_Enterocyte.Progenitor.Late,10.750214,-5.8181133,2,Enterocyte.Progenitor.Late
B1_GCTATACTGCTGAT_TA.G1,1.8643895,-0.5599118,1,TA.G1
B1_GCTCAAGAAACCTG_Stem,-3.1910136,4.665789,0,Stem
B1_GCTCAAGATTCCCG_TA.Early,0.47335908,5.6625543,1,TA.Early
B1_GCTCCATGTTCAGG_Stem,-8.133179,1.6198024,0,Stem
B1_GCTCCATGTTCATC_Stem,-8.161451,2.0849228,0,Stem
B1_GCTGATGATCTTAC_TA.Early,3.4773064,2.2617695,1,TA.Early
B1_GCTGATGATGTGGT_Enterocyte.Immature.Distal,17.266735,-3.9653306,4,Enterocyte.Immature.Distal
B1_GCTTAACTGCGAGA_Stem,-5.175266,0.65339786,0,Stem
B1_GCTTAACTGTCTTT_TA.G1,0.28839192,-0.8408836,1,TA.G1
B1_GGAACTACAGTCTG_TA.G2,-2.7376032,-6.2293777,6,TA.G2
B1_GGAACTACATTCTC_TA.Early,6.9113503,-2.7931368,1,TA.Early
B1_GGAACTACTCTACT_Enterocyte.Immature.Distal,5.535264,-7.8668947,4,Enterocyte.Immature.Distal
B1_GGAAGGACATTTCC_Enterocyte.Immature.Distal,13.296622,-4.1568246,4,Enterocyte.Immature.Distal
B1_GGAAGGACGTGCAT_Enterocyte.Immature.Distal,5.988325,-6.0815563,1,Enterocyte.Immature.Distal
B1_GGAAGGTGCGACAT_Enterocyte.Progenitor.Late,4.1008196,-2.7215614,1,Enterocyte.Progenitor.Late
B1_GGAATCTGACTTTC_Enterocyte.Progenitor.Late,1.5744476,4.8827953,1,Enterocyte.Progenitor.Late
B1_GGAATCTGCAGGAG_Tuft,-16.990652,5.022956,8,Tuft
B1_GGAATGCTTGTTTC_Stem,-9.243497,-0.8559612,0,Stem
B1_GGACAACTGAATGA_Enterocyte.Progenitor.Early,-6.8018246,-8.96515,1,Enterocyte.Progenitor.Early
B1_GGACAACTTCGTAG_Enterocyte.Progenitor.Late,10.9721155,-6.1609397,2,Enterocyte.Progenitor.Late
B1_GGACCCGACCATAG_Enterocyte.Immature.Proximal,14.62815,-7.635547,2,Enterocyte.Immature.Proximal
B1_GGACCTCTCGGGAA_Stem,-3.6669745,3.8249493,0,Stem
B1_GGACCTCTTCTACT_Tuft,-17.068872,5.8445945,8,Tuft
B1_GGACGAGACGAATC_Endocrine,-12.07842,9.370022,7,Endocrine
B1_GGACGCACATCACG_Enterocyte.Progenitor.Early,-0.9142025,-5.691248,1,Enterocyte.Progenitor.Early
B1_GGACGCACTACTTC_Enterocyte.Immature.Distal,13.944877,-5.8049293,2,Enterocyte.Immature.Distal
B1_GGACGCACTCCAAG_Enterocyte.Progenitor.Late,11.285586,-5.252247,2,Enterocyte.Progenitor.Late
B1_GGACTATGGCAAGG_Endocrine,-14.690579,12.69243,3,Endocrine
B1_GGACTATGGCTTCC_Stem,-6.4282403,-5.7202854,6,Stem
B1_GGACTATGTTGTGG_Paneth,-11.276411,18.722801,3,Paneth
B1_GGAGAGACAGATCC_Enterocyte.Progenitor.Early,2.1849453,-6.394969,1,Enterocyte.Progenitor.Early
B1_GGAGAGACTCCAAG_Enterocyte.Mature.Distal,19.612915,-5.745998,5,Enterocyte.Mature.Distal
B1_GGAGAGACTCTATC_Enterocyte.Progenitor.Late,10.538681,-5.0127745,2,Enterocyte.Progenitor.Late
B1_GGAGAGACTTTCTG_Enterocyte.Immature.Distal,15.025976,-4.1759605,4,Enterocyte.Immature.Distal
B1_GGAGCAGATGCTCC_Stem,-5.0696015,5.1512074,0,Stem
B1_GGAGGATGTGTTCT_Enterocyte.Immature.Distal,13.522785,-3.5373905,4,Enterocyte.Immature.Distal
B1_GGAGGTGACCTCGT_Stem,-5.540468,6.015851,0,Stem
B1_GGAGTTACAAAACG_TA.Early,-2.5482018,-11.503945,1,TA.Early
B1_GGATAGCTGTCGTA_Enterocyte.Progenitor,-13.494479,-2.000758,1,Enterocyte.Progenitor
B1_GGATAGCTTTATCC_Stem,-3.389768,1.8385006,0,Stem
B1_GGATGTACGATAAG_TA.G1,-14.967549,12.428867,3,TA.G1
B1_GGATGTTGAACAGA_Enterocyte.Progenitor.Early,-0.24285331,-1.0430524,1,Enterocyte.Progenitor.Early
B1_GGCAAGGAAGGCGA_Stem,-9.412497,-6.706579,0,Stem
B1_GGCAATACTATCGG_Enterocyte.Immature.Distal,13.733598,-2.530042,4,Enterocyte.Immature.Distal
B1_GGCAATACTCCGTC_TA.G2,-2.3867154,-1.316099,0,TA.G2
B1_GGCACGTGTTCGTT_Enterocyte.Immature.Proximal,14.378018,-8.457961,2,Enterocyte.Immature.Proximal
B1_GGCATATGACCACA_TA.Early,-0.70756435,-0.18277824,1,TA.Early
B1_GGCATATGCAGCTA_Enterocyte.Progenitor.Early,4.162345,-5.275413,1,Enterocyte.Progenitor.Early
B1_GGCATATGGACGTT_Stem,-1.6506513,5.1949677,0,Stem
B1_GGCCAGACCTTCCG_Enterocyte.Mature.Proximal,18.237728,-9.445427,5,Enterocyte.Mature.Proximal
B1_GGCCGATGAACCTG_Enterocyte.Progenitor,1.2732491,2.1153865,0,Enterocyte.Progenitor
B1_GGCCGATGGCGATT_Paneth,3.5017414,2.877372,0,Paneth
B1_GGCGACACGTGTTG_Enterocyte.Progenitor.Late,7.969684,-3.952229,1,Enterocyte.Progenitor.Late
B1_GGCGACACTACTCT_Enterocyte.Immature.Distal,4.128395,-8.447381,1,Enterocyte.Immature.Distal
B1_GGCGCATGGAAAGT_Tuft,-17.808031,5.644455,8,Tuft
B1_GGCGCATGTCCTGC_TA.G2,-4.161021,-6.894255,6,TA.G2
B1_GGCGGACTGTTGGT_Enterocyte.Immature.Proximal,11.130229,-5.663826,2,Enterocyte.Immature.Proximal
B1_GGCTACCTGGTGAG_Stem,-3.4977505,7.3717866,0,Stem
B1_GGCTACCTTGTCTT_Goblet,-17.923134,16.365086,3,Goblet
B1_GGGAAGACGATAGA_TA.Early,-1.7640086,1.6715502,0,TA.Early
B1_GGGAAGTGGAGGTG_TA.G2,-4.0449967,-8.481341,6,TA.G2
B1_GGGAAGTGGTGAGG_Enterocyte.Mature.Proximal,21.22185,-10.345481,5,Enterocyte.Mature.Proximal
B1_GGGACCACAGAAGT_Goblet,-17.047922,15.2504015,3,Goblet
B1_GGGACCACTGTTCT_Enterocyte.Progenitor.Early,3.552129,-1.1518102,1,Enterocyte.Progenitor.Early
B1_GGGACCTGGTACCA_Endocrine,-12.339214,9.028834,7,Endocrine
B1_GGGATGGAAGCAAA_Enterocyte.Progenitor.Early,-3.5123684,-4.2928505,6,Enterocyte.Progenitor.Early
B1_GGGATTACCGAGTT_TA.G2,1.0171067,8.282066,0,TA.G2
B1_GGGCAAGAAGTGTC_TA.G1,0.6658005,0.35032356,0,TA.G1
B1_GGGCAGCTAAGTAG_Goblet,-15.98884,15.299481,3,Goblet
B1_GGGCAGCTTTCATC_Stem,-3.1159923,1.5881693,0,Stem
B1_GGGCCATGCGTAAC_Enterocyte.Immature.Proximal,16.091284,-8.895395,2,Enterocyte.Immature.Proximal
B1_GGGTTATGAGAGTA_Enterocyte.Progenitor.Late,9.09895,0.30441305,1,Enterocyte.Progenitor.Late
B1_GGGTTATGTGCTAG_Enterocyte.Immature.Distal,12.383037,-7.7182827,2,Enterocyte.Immature.Distal
B1_GGTAAAGAGGTGAG_Stem,-6.630997,1.9100212,0,Stem
B1_GGTACAACAAGAAC_Enterocyte.Mature.Proximal,20.980015,-10.777392,5,Enterocyte.Mature.Proximal
B1_GGTACAACTCTCAT_Stem,-6.5664325,-0.3006903,0,Stem
B1_GGTAGTACGCCTTC_Stem,-5.935394,7.3300796,0,Stem
B1_GGTAGTACTTGCTT_Enterocyte.Immature.Distal,8.389439,-3.9845328,1,Enterocyte.Immature.Distal
B1_GGTATGACGGCATT_Stem,-1.5693954,9.88938,0,Stem
B1_GGTATGACGGTCTA_Enterocyte.Progenitor,5.0186462,-9.215035,1,Enterocyte.Progenitor
B1_GGTCTAGAAGTCTG_TA.G1,-7.407483,-4.3311343,0,TA.G1
B1_GGTCTAGACTTCGC_Stem,-5.726705,3.69126,0,Stem
B1_GGTCTAGATTATCC_Enterocyte.Progenitor.Early,7.0254393,-5.4571223,1,Enterocyte.Progenitor.Early
B1_GGTTGAACTACTTC_Enterocyte.Progenitor.Early,2.449175,-6.8719177,1,Enterocyte.Progenitor.Early
B1_GGTTTACTACGCAT_Enterocyte.Progenitor.Early,2.0512736,-6.754257,1,Enterocyte.Progenitor.Early
B1_GTAACGTGGCTCCT_Stem,-3.7182016,5.5103292,0,Stem
B1_GTAAGCTGAGAACA_Goblet,-15.802913,16.128609,3,Goblet
B1_GTAAGCTGCCTTTA_Tuft,-17.480038,5.739069,8,Tuft
B1_GTAATATGTGCAAC_Goblet,-19.904621,16.92219,3,Goblet
B1_GTACCCTGACACCA_Stem,-5.064942,-2.5630722,0,Stem
B1_GTACGAACACCGAT_Stem,-5.287747,1.6616014,0,Stem
B1_GTACGAACCCTTTA_Enterocyte.Progenitor.Late,6.8664956,-8.429968,1,Enterocyte.Progenitor.Late
B1_GTACGAACTGACTG_Stem,-4.856461,4.982072,0,Stem
B1_GTACTTTGACCTAG_Stem,-7.7049403,1.4333155,0,Stem
B1_GTAGACTGTCCGTC_Enterocyte.Mature.Distal,21.853424,-9.031202,5,Enterocyte.Mature.Distal
B1_GTAGCCCTCCATGA_Enterocyte.Immature.Proximal,14.528781,-8.1737795,2,Enterocyte.Immature.Proximal
B1_GTAGCCCTGCTAAC_Enterocyte.Progenitor.Late,-4.4579644,-1.824602,1,Enterocyte.Progenitor.Late
B1_GTAGCCCTGGTCAT_TA.G2,-4.5697956,-6.7608767,6,TA.G2
B1_GTAGGTACACGTGT_Stem,-5.6080256,5.199485,0,Stem
B1_GTAGGTACTCCTCG_Endocrine,-12.025909,9.496232,7,Endocrine
B1_GTAGTCGAGGTCTA_Stem,-3.535482,5.068803,0,Stem
B1_GTAGTGACAAAGTG_Enterocyte.Mature.Proximal,21.608932,-9.769965,5,Enterocyte.Mature.Proximal
B1_GTATCACTGTGCAT_Enterocyte.Progenitor.Late,7.71189,-7.3459682,1,Enterocyte.Progenitor.Late
B1_GTATGGTGGTAGGG_TA.Early,-12.502024,13.647817,0,TA.Early
B1_GTATTAGAGCCCTT_Goblet,-15.8550005,16.63039,3,Goblet
B1_GTATTAGATGCTGA_Tuft,-17.317924,5.7738667,8,Tuft
B1_GTATTCACATCACG_Stem,-4.873249,3.7938488,0,Stem
B1_GTATTCACGAGATA_Enterocyte.Progenitor.Early,1.3271831,-6.3778467,1,Enterocyte.Progenitor.Early
B1_GTCAATCTCTCTCG_TA.G2,-5.6883945,4.2350616,0,TA.G2
B1_GTCACAGACCGTTC_Paneth,0.17296615,-7.313191,1,Paneth
B1_GTCACAGAGGTATC_TA.Early,-2.387569,8.433686,0,TA.Early
B1_GTCCACACCCTTTA_TA.Early,9.625266,3.0400681,1,TA.Early
B1_GTCCACACGCTTAG_Paneth,-4.269074,8.114123,0,Paneth
B1_GTCCAGCTAAAAGC_Enterocyte.Progenitor,0.30858466,0.23567,1,Enterocyte.Progenitor
B1_GTCCAGCTTGAACC_Enterocyte.Progenitor.Late,-13.452317,-2.108968,0,Enterocyte.Progenitor.Late
B1_GTCCAGCTTGAAGA_Enterocyte.Immature.Distal,16.979822,-3.2912626,4,Enterocyte.Immature.Distal
B1_GTCGAATGCTGTGA_Enterocyte.Progenitor.Early,0.63010436,-1.6999569,1,Enterocyte.Progenitor.Early
B1_GTCGACCTCTGTCC_Goblet,-19.595053,17.029202,3,Goblet
B1_GTCTAACTAAAAGC_TA.G1,0.3220868,3.3627849,0,TA.G1
B1_GTCTAACTTCAGGT_Enterocyte.Mature.Proximal,19.263657,-9.502373,5,Enterocyte.Mature.Proximal
B1_GTCTAGGAAACTGC_TA.Early,2.3271232,0.7422917,1,TA.Early
B1_GTCTAGGATGCAAC_Stem,-8.456858,-0.66132283,0,Stem
B1_GTCTGAGAAGAAGT_Enterocyte.Mature.Proximal,19.232586,-10.736638,5,Enterocyte.Mature.Proximal
B1_GTCTGAGACTGCAA_Enterocyte.Progenitor.Late,-0.71430683,-13.353327,1,Enterocyte.Progenitor.Late
B1_GTGAACACAGGAGC_Enterocyte.Progenitor.Late,7.6556797,-1.8504479,1,Enterocyte.Progenitor.Late
B1_GTGACAACCACTCC_Stem,-4.455024,6.215173,0,Stem
B1_GTGACCCTCAGGAG_Goblet,-18.644163,17.18518,3,Goblet
B1_GTGAGGGATCCTAT_Enterocyte.Progenitor.Early,4.1664886,-4.224228,1,Enterocyte.Progenitor.Early
B1_GTGATGACCCGTTC_Enterocyte.Progenitor.Late,4.0283213,-13.335893,2,Enterocyte.Progenitor.Late
B1_GTGATGACTGCTAG_Enterocyte.Immature.Distal,11.917456,-6.113431,2,Enterocyte.Immature.Distal
B1_GTGATTCTCTCTCG_TA.Early,-4.219975,2.0752044,0,TA.Early
B1_GTGATTCTTTCGGA_TA.Early,1.1005995,1.8367177,1,TA.Early
B1_GTGCAAACGGTCAT_Goblet,-18.314432,17.347239,3,Goblet
B1_GTGCCACTCTATTC_TA.G2,-0.9354331,-1.046604,1,TA.G2
B1_GTGCCACTTTGACG_Enterocyte.Immature.Distal,16.122791,-4.2617893,4,Enterocyte.Immature.Distal
B1_GTGCTAGATCCTGC_Endocrine,-10.930529,10.636486,7,Endocrine
B1_GTGGAGGAAGCTAC_Enterocyte.Immature.Distal,11.914327,-5.5656905,2,Enterocyte.Immature.Distal
B1_GTGGTAACTGACCA_Goblet,-17.989199,16.319408,3,Goblet
B1_GTGTACGATTCTCA_Enterocyte.Progenitor.Early,8.231857,5.5227795,1,Enterocyte.Progenitor.Early
B1_GTGTAGTGCTTGTT_Tuft,-18.033087,5.6077223,8,Tuft
B1_GTTAACCTAGAAGT_Paneth,-7.2689834,-1.3119508,0,Paneth
B1_GTTACGGATCCAGA_TA.G1,-1.3601938,7.831875,0,TA.G1
B1_GTTACTACCCAGTA_Enterocyte.Progenitor.Late,9.865557,-6.1467066,2,Enterocyte.Progenitor.Late
B1_GTTAGTCTAACCAC_Enterocyte.Immature.Distal,10.323173,-4.6196413,2,Enterocyte.Immature.Distal
B1_GTTAGTCTTTACCT_Enterocyte.Mature.Distal,18.779583,-4.05486,4,Enterocyte.Mature.Distal
B1_GTTATGCTACCTTT_Paneth,-9.454336,6.3483753,0,Paneth
B1_GTTCAACTACCTTT_Enterocyte.Mature.Proximal,19.26106,-10.852707,5,Enterocyte.Mature.Proximal
B1_GTTCAGGACTCGCT_Enterocyte.Immature.Distal,10.187765,-5.3540654,2,Enterocyte.Immature.Distal
B1_GTTCATACGCAGTT_Enterocyte.Progenitor,-0.5421299,-6.151917,1,Enterocyte.Progenitor
B1_GTTGGATGGCTTCC_TA.G1,-8.955366,-5.5346556,1,TA.G1
B1_GTTGTACTACTGGT_Goblet,-17.430544,13.941426,3,Goblet
B1_GTTGTACTTGGTTG_Enterocyte.Immature.Proximal,14.428701,-9.595603,2,Enterocyte.Immature.Proximal
B1_GTTGTACTTTGCTT_Stem,-4.1102767,1.1935897,0,Stem
B1_TAAACAACCGCAAT_Stem,4.8427005,7.6842976,0,Stem
B1_TAAACAACTCCAAG_Enterocyte.Progenitor,5.532621,-0.8432064,1,Enterocyte.Progenitor
B1_TAAATCGAGGTCTA_Paneth,-4.445624,-8.386983,6,Paneth
B1_TAACAATGCGTACA_Stem,-9.293941,-1.4082347,0,Stem
B1_TAACACCTGGACGA_Stem,-7.0119452,3.5979228,0,Stem
B1_TAACATGACCACAA_Enterocyte.Progenitor,3.2555351,-7.2340546,1,Enterocyte.Progenitor
B1_TAACCGGAAGGCGA_Enterocyte.Mature.Proximal,19.747168,-12.363703,5,Enterocyte.Mature.Proximal
B1_TAACGTCTACACTG_Enterocyte.Immature.Proximal,11.737719,-7.7245026,2,Enterocyte.Immature.Proximal
B1_TAACGTCTTGACTG_Stem,-5.35675,-1.8427067,0,Stem
B1_TAACTAGAGACGGA_Paneth,-7.947227,0.27162042,0,Paneth
B1_TAACTAGATTCGCC_Stem,-6.638648,1.175201,0,Stem
B1_TAACTCACCTCCAC_Paneth,-4.8725653,6.8072467,0,Paneth
B1_TAACTCACTGCCCT_Stem,-7.812658,6.2535543,0,Stem
B1_TAAGAACTGTCCTC_Enterocyte.Immature.Proximal,11.914813,-6.4067626,2,Enterocyte.Immature.Proximal
B1_TAAGATTGGGCGAA_TA.Early,4.812543,11.466093,0,TA.Early
B1_TAAGCGTGCCCGTT_Enterocyte.Mature.Proximal,20.840876,-9.843438,5,Enterocyte.Mature.Proximal
B1_TAAGCTCTAACGTC_TA.Early,4.2086535,4.090652,1,TA.Early
B1_TAAGCTCTCTTCCG_Enterocyte.Progenitor,2.5029082,-4.650052,1,Enterocyte.Progenitor
B1_TAAGGCTGTAGCCA_Enterocyte.Immature.Distal,13.841229,-1.0593946,4,Enterocyte.Immature.Distal
B1_TAAGTAACGCTGAT_Goblet,-13.426363,14.575028,0,Goblet
B1_TAAGTAACGTCTTT_Enterocyte.Progenitor.Late,8.01927,-0.0245568,1,Enterocyte.Progenitor.Late
B1_TAAGTAACTGAACC_Enterocyte.Progenitor.Early,0.30539703,-2.6012602,1,Enterocyte.Progenitor.Early
B1_TAAGTCCTTGTTCT_Enterocyte.Mature.Proximal,17.889446,-9.5315895,5,Enterocyte.Mature.Proximal
B1_TAATCCACGGTTCA_Stem,-3.9801354,4.338779,0,Stem
B1_TAATCCACTGTCTT_Paneth,-10.145996,-3.5741951,0,Paneth
B1_TAATCGCTTATGGC_Stem,-3.0126247,3.143589,0,Stem
B1_TAATGAACCAACTG_Stem,-3.7664552,4.761381,0,Stem
B1_TAATGAACTTCCGC_Stem,-6.8335743,5.5884433,0,Stem
B1_TACAAATGCAACTG_Stem,-8.821579,0.3292,0,Stem
B1_TACATAGAGTTTGG_Enterocyte.Immature.Distal,14.604401,-2.7968159,4,Enterocyte.Immature.Distal
B1_TACATCACGGACGA_Enterocyte.Progenitor,6.832027,-1.4757675,1,Enterocyte.Progenitor
B1_TACCATTGACTGGT_Stem,-4.7979016,7.075985,0,Stem
B1_TACCATTGCTAGTG_Enterocyte.Progenitor.Late,9.322904,-9.554584,2,Enterocyte.Progenitor.Late
B1_TACCGAGAAAAAGC_TA.G1,-3.3011546,1.432806,0,TA.G1
B1_TACGACGATTCCCG_Stem,-7.6272254,1.4519131,0,Stem
B1_TACGAGTGTGCATG_Enterocyte.Progenitor.Early,-0.21172771,-5.18962,1,Enterocyte.Progenitor.Early
B1_TACGCAGAGTTCGA_Enterocyte.Progenitor.Early,5.104701,-4.229476,1,Enterocyte.Progenitor.Early
B1_TACGCCACCACAAC_Endocrine,-6.313703,14.220438,7,Endocrine
B1_TACGCCACGTACAC_Enterocyte.Progenitor.Early,-0.9644304,-5.0979466,1,Enterocyte.Progenitor.Early
B1_TACGGCCTAACGGG_Goblet,-15.68141,13.4285555,3,Goblet
B1_TACGGCCTGGTAAA_Goblet,-19.0925,16.961433,3,Goblet
B1_TACGGCCTTCTCAT_Goblet,-18.549307,15.277324,3,Goblet
B1_TACGGCCTTGCTGA_Enterocyte.Progenitor,8.441894,-5.5522337,2,Enterocyte.Progenitor
B1_TACGGCCTTTCTTG_Enterocyte.Progenitor.Late,10.353541,-11.788936,2,Enterocyte.Progenitor.Late
B1_TACGTACTTTATCC_Enterocyte.Mature.Distal,22.464624,-10.8111105,5,Enterocyte.Mature.Distal
B1_TACGTTACTCCGAA_Goblet,-15.14497,16.980618,3,Goblet
B1_TACTAAGAATGTGC_Enterocyte.Progenitor,7.947633,-5.806184,1,Enterocyte.Progenitor
B1_TACTAAGATACTGG_Enterocyte.Mature.Proximal,22.32377,-10.074235,5,Enterocyte.Mature.Proximal
B1_TACTAAGATGCGTA_Enterocyte.Progenitor.Early,-0.4339464,-2.9300454,1,Enterocyte.Progenitor.Early
B1_TACTACACTCGCTC_Goblet,-19.26465,16.56268,3,Goblet
B1_TACTCCCTAAAACG_Enterocyte.Immature.Distal,14.023466,-3.7936034,4,Enterocyte.Immature.Distal
B1_TACTCCCTACCTAG_Enterocyte.Progenitor.Late,5.9204693,-1.4899509,1,Enterocyte.Progenitor.Late
B1_TACTCTGACGGAGA_Enterocyte.Immature.Proximal,13.947483,-9.235984,2,Enterocyte.Immature.Proximal
B1_TACTCTGATCATTC_Paneth,1.3042448,9.615515,6,Paneth
B1_TACTGGGACTCAAG_TA.Early,0.6530988,2.6889443,1,TA.Early
B1_TACTGGGATCTCTA_Stem,-1.2530073,3.6815088,0,Stem
B1_TACTGTTGCACAAC_Goblet,-15.175721,11.464535,3,Goblet
B1_TACTGTTGGAGACG_Enterocyte.Mature.Distal,18.663048,-4.1038876,4,Enterocyte.Mature.Distal
B1_TACTTGACTGCTAG_TA.G1,2.44974,-1.4129888,1,TA.G1
B1_TACTTTCTGTTTCT_Enterocyte.Progenitor.Early,0.64346325,-4.703632,1,Enterocyte.Progenitor.Early
B1_TAGAATACCTGAAC_TA.G2,-2.3550384,-0.2924048,0,TA.G2
B1_TAGAGAGACCTTGC_TA.Early,-5.7759953,-0.12005298,0,TA.Early
B1_TAGAGAGATTTACC_TA.Early,-5.159776,4.8109994,0,TA.Early
B1_TAGATCCTAAGGCG_Enterocyte.Immature.Distal,16.97188,-5.427488,4,Enterocyte.Immature.Distal
B1_TAGATCCTATAAGG_TA.G2,-4.720713,-5.0439496,6,TA.G2
B1_TAGATTGAACGGTT_Goblet,-14.509635,14.007092,3,Goblet
B1_TAGATTGAGGACTT_Paneth,-10.602577,1.5394886,0,Paneth
B1_TAGATTGAGGTACT_Enterocyte.Progenitor.Early,1.0401499,-8.663725,1,Enterocyte.Progenitor.Early
B1_TAGCCCACATTCTC_TA.Early,-9.52045,-0.746618,0,TA.Early
B1_TAGCCGCTGGTGTT_Goblet,-15.406277,17.215935,3,Goblet
B1_TAGCTACTTGCATG_Goblet,-14.225052,14.486549,3,Goblet
B1_TAGGACTGGCTTAG_Enterocyte.Immature.Distal,13.880184,-3.0703971,4,Enterocyte.Immature.Distal
B1_TAGGAGCTTGTGAC_Enterocyte.Immature.Proximal,13.829354,-7.6061263,2,Enterocyte.Immature.Proximal
B1_TAGGAGCTTTCCAT_Stem,-3.1232576,9.385795,0,Stem
B1_TAGGCAACACCTTT_TA.G1,-4.7616506,-5.9403563,6,TA.G1
B1_TAGGCATGTCTACT_Enterocyte.Progenitor.Late,9.186224,-9.742001,2,Enterocyte.Progenitor.Late
B1_TAGGCTGAGGTCTA_Enterocyte.Progenitor.Early,3.1620739,-2.2751727,1,Enterocyte.Progenitor.Early
B1_TAGGGACTACTACG_Enterocyte.Immature.Distal,13.721689,-2.1983888,4,Enterocyte.Immature.Distal
B1_TAGGGACTGTGCAT_Goblet,-16.243834,13.908473,3,Goblet
B1_TAGTAATGGTCTGA_Enterocyte.Immature.Proximal,13.207199,-10.364546,2,Enterocyte.Immature.Proximal
B1_TAGTACCTAACGTC_Stem,-4.9102254,2.8982592,0,Stem
B1_TAGTCTTGGAATCC_Goblet,-19.651754,17.132618,3,Goblet
B1_TAGTCTTGTTCAGG_Enterocyte.Progenitor.Early,0.9403481,-5.770147,1,Enterocyte.Progenitor.Early
B1_TAGTGGTGACTGGT_Enterocyte.Progenitor.Early,1.6114485,-5.1559663,1,Enterocyte.Progenitor.Early
B1_TAGTTCACCAGTTG_Stem,-8.875844,-0.4233831,0,Stem
B1_TATACAGACCTATT_Stem,-4.145692,-0.45593172,0,Stem
B1_TATACCACCAGAAA_Enterocyte.Progenitor.Early,3.3267097,-2.964614,1,Enterocyte.Progenitor.Early
B1_TATAGATGTAACGC_Stem,-4.5279865,3.133931,0,Stem
B1_TATAGCCTGGTCTA_Enterocyte.Progenitor.Early,1.4766717,-5.919875,1,Enterocyte.Progenitor.Early
B1_TATCAAGAATTTCC_TA.G2,-5.2799053,8.782002,0,TA.G2
B1_TATCAAGACTATTC_Endocrine,-7.2785177,12.367934,7,Endocrine
B1_TATCACTGGCTTAG_Stem,-0.28660333,7.7923574,0,Stem
B1_TATCCAACCCCTAC_Enterocyte.Progenitor.Late,-2.398383,-9.650179,1,Enterocyte.Progenitor.Late
B1_TATCCAACCGGAGA_TA.G2,-3.3348703,0.75137526,0,TA.G2
B1_TATCCAACCTAGAC_Tuft,-18.121584,6.2395883,8,Tuft
B1_TATCCAACCTCCAC_TA.Early,-4.89552,3.6620677,0,TA.Early
B1_TATCCAACGTTTGG_TA.Early,4.4154754,-1.3957491,1,TA.Early
B1_TATCCAACTTGGTG_Enterocyte.Immature.Distal,14.077004,-6.350865,2,Enterocyte.Immature.Distal
B1_TATCCTGAGGACGA_Stem,-11.803636,3.4041605,0,Stem
B1_TATCCTGAGGTGGA_Enterocyte.Mature.Proximal,20.606113,-9.803165,5,Enterocyte.Mature.Proximal
B1_TATCGACTAACGAA_Stem,-9.766136,4.6389623,0,Stem
B1_TATCGTACCTACTT_Enterocyte.Progenitor,6.032306,-3.378306,1,Enterocyte.Progenitor
B1_TATCTTCTACACGT_Enterocyte.Mature.Proximal,15.458038,-10.730929,2,Enterocyte.Mature.Proximal
B1_TATCTTCTGAATAG_Enterocyte.Progenitor.Early,-2.415884,-3.6329613,6,Enterocyte.Progenitor.Early
B1_TATCTTCTGCTGAT_TA.Early,-3.9542866,-1.1969355,0,TA.Early
B1_TATGCGGAATCGGT_TA.Early,5.507123,5.902913,1,TA.Early
B1_TATGCGGATGACAC_TA.Early,2.9488816,5.545215,1,TA.Early
B1_TATGGGACTCTACT_Enterocyte.Immature.Distal,16.783464,-2.5664768,4,Enterocyte.Immature.Distal
B1_TATGGGTGTACTTC_Enterocyte.Progenitor.Early,-0.8400045,-2.5766833,1,Enterocyte.Progenitor.Early
B1_TATGGTCTAGTGCT_Endocrine,-5.3713093,13.791108,7,Endocrine
B1_TATGTCACTCCTGC_Tuft,-3.4545891,3.6287587,0,Tuft
B1_TATGTCACTTCTTG_Enterocyte.Immature.Distal,14.285354,-3.2338986,4,Enterocyte.Immature.Distal
B1_TATTGCTGCGATAC_Enterocyte.Progenitor.Early,0.5764635,-6.397457,1,Enterocyte.Progenitor.Early
B1_TATTTCCTCCTACC_Paneth,6.730842,4.224273,0,Paneth
B1_TATTTCCTTGAGGG_Stem,-1.6278018,6.8579664,0,Stem
B1_TCAATAGAACAGCT_TA.G2,-2.5698488,-4.835728,6,TA.G2
B1_TCAATCACCTTGTT_TA.Early,4.412421,-1.3386022,1,TA.Early
B1_TCACAACTCCCTCA_TA.Early,-2.9020905,-1.529731,0,TA.Early
B1_TCACGAGATTTCAC_Enterocyte.Mature.Proximal,20.427565,-11.242777,5,Enterocyte.Mature.Proximal
B1_TCACTATGAGTCAC_TA.Early,7.0425935,2.5552235,1,TA.Early
B1_TCAGACGAACACAC_Stem,-3.0781476,1.6368836,0,Stem
B1_TCAGACGACTGGTA_Enterocyte.Progenitor.Early,-2.5343237,-2.8555992,1,Enterocyte.Progenitor.Early
B1_TCAGACGACTTATC_Enterocyte.Progenitor.Early,1.831128,-6.668091,1,Enterocyte.Progenitor.Early
B1_TCAGACGATGCTTT_Enterocyte.Mature.Proximal,20.388332,-12.335464,5,Enterocyte.Mature.Proximal
B1_TCAGAGACCATGAC_Enterocyte.Progenitor.Early,4.4884677,-6.9029903,1,Enterocyte.Progenitor.Early
B1_TCAGCGCTAAGTGA_TA.Early,-5.3464837,-9.351209,1,TA.Early
B1_TCAGTACTATACCG_Enterocyte.Progenitor.Early,8.5407095,5.9389997,1,Enterocyte.Progenitor.Early
B1_TCAGTGGAACTGGT_Goblet,-15.588111,13.73061,3,Goblet
B1_TCAGTGGAAGAACA_Enterocyte.Immature.Proximal,14.173991,-7.0843673,2,Enterocyte.Immature.Proximal
B1_TCAGTGGACTGCAA_Enterocyte.Immature.Distal,15.841735,-0.9775782,2,Enterocyte.Immature.Distal
B1_TCAGTTACTAGCGT_TA.G1,-4.5306726,-1.211363,0,TA.G1
B1_TCATCATGATCAGC_TA.G2,-4.7666984,4.306181,0,TA.G2
B1_TCATCCCTTCCTAT_TA.Early,-4.7549415,5.650873,0,TA.Early
B1_TCATTCGAATTGGC_Stem,-2.4445555,2.999818,0,Stem
B1_TCATTCGATCGTGA_Stem,-8.396646,-1.9693578,0,Stem
B1_TCATTCGATTTGCT_Enterocyte.Progenitor.Late,8.318625,-2.1432338,1,Enterocyte.Progenitor.Late
B1_TCATTGACTCAGGT_Enterocyte.Progenitor.Early,2.986844,-3.279554,1,Enterocyte.Progenitor.Early
B1_TCCAGAGAGTTACG_Enterocyte.Mature.Proximal,21.389046,-10.068163,5,Enterocyte.Mature.Proximal
B1_TCCATAACGAATCC_Enterocyte.Mature.Proximal,19.934795,-10.503211,5,Enterocyte.Mature.Proximal
B1_TCCATCCTTCACCC_Enterocyte.Immature.Distal,11.3216305,-6.054504,2,Enterocyte.Immature.Distal
B1_TCCCACGACCACAA_Stem,-5.767059,1.1512961,0,Stem
B1_TCCCAGACAGAAGT_Enterocyte.Immature.Proximal,13.351555,-7.0078063,2,Enterocyte.Immature.Proximal
B1_TCCCATCTAAACAG_Stem,-6.450001,-0.48119676,0,Stem
B1_TCCCATCTTAAGCC_Goblet,-18.25505,16.085117,3,Goblet
B1_TCCCGATGAAGATG_Enterocyte.Immature.Proximal,14.498637,-6.260354,2,Enterocyte.Immature.Proximal
B1_TCCCGATGCGTGTA_Paneth,-1.1819001,-7.0960064,1,Paneth
B1_TCCCGATGTGTTCT_Goblet,-14.691204,17.240377,3,Goblet
B1_TCCGAAGAAACCAC_Enterocyte.Progenitor.Early,3.2368052,-3.716853,1,Enterocyte.Progenitor.Early
B1_TCCGAGCTATAAGG_Enterocyte.Progenitor.Late,13.362726,-11.466507,1,Enterocyte.Progenitor.Late
B1_TCCTAAACCAGAGG_Enterocyte.Progenitor.Early,1.6333767,-4.208696,1,Enterocyte.Progenitor.Early
B1_TCCTAAACCAGTTG_Stem,-8.713365,2.9072487,0,Stem
B1_TCCTAAACCGCAAT_Enterocyte.Progenitor.Early,1.6639034,-3.0192661,1,Enterocyte.Progenitor.Early
B1_TCCTACCTGTTGGT_Endocrine,-4.3875356,12.67226,7,Endocrine
B1_TCGACGCTATTCGG_Goblet,-17.800106,16.60062,3,Goblet
B1_TCGAGCCTCTCAAG_Endocrine,-12.587683,11.928913,0,Endocrine
B1_TCGATACTAGCGTT_Enterocyte.Progenitor,0.2673661,-5.393576,1,Enterocyte.Progenitor
B1_TCGCACTGCTGAAC_TA.G2,-6.626006,0.6994739,0,TA.G2
B1_TCGCAGCTCAGCTA_Enterocyte.Progenitor.Late,6.451495,-2.4673083,1,Enterocyte.Progenitor.Late
B1_TCGCAGCTCGTAAC_TA.G2,-6.141897,0.3670533,0,TA.G2
B1_TCGCCATGTAACCG_Enterocyte.Progenitor.Late,9.91909,-6.201072,2,Enterocyte.Progenitor.Late
B1_TCGGTAGACTGGTA_Enterocyte.Immature.Distal,6.852039,-4.1173,1,Enterocyte.Immature.Distal
B1_TCGTAGGATTGCTT_Paneth,-10.847471,-0.1237057,0,Paneth
B1_TCGTTATGAAGGTA_TA.G2,-4.4975863,4.339462,0,TA.G2
B1_TCTAGACTACAGTC_Enterocyte.Progenitor.Early,4.6067934,-7.6444597,1,Enterocyte.Progenitor.Early
B1_TCTAGACTGTGCTA_Stem,-7.654615,3.5618384,0,Stem
B1_TCTAGACTTTGCGA_Paneth,-11.640502,0.3787047,0,Paneth
B1_TCTATGTGACCAAC_Enterocyte.Immature.Proximal,13.350277,-8.332794,2,Enterocyte.Immature.Proximal
B1_TCTATGTGATTCTC_Goblet,-16.72045,16.876348,3,Goblet
B1_TCTCAAACTTGTGG_Enterocyte.Progenitor.Late,5.236341,3.8265905,1,Enterocyte.Progenitor.Late
B1_TCTCCACTGTATGC_Goblet,-17.030407,15.857189,3,Goblet
B1_TCTCCACTTTCGTT_Tuft,-15.184642,6.301443,1,Tuft
B1_TCTCTAGAGCTAAC_Enterocyte.Progenitor.Late,8.91115,-3.0436683,1,Enterocyte.Progenitor.Late
B1_TCTTCAGACTTGAG_Enterocyte.Mature.Distal,22.143387,-9.483747,5,Enterocyte.Mature.Distal
B1_TGAAATTGCCACCT_Enterocyte.Progenitor.Early,3.4593346,-5.033321,1,Enterocyte.Progenitor.Early
B1_TGACACGATGTCTT_Stem,-3.081935,-1.7347474,0,Stem
B1_TGACGCCTAGTAGA_Paneth,-1.7033323,1.3380307,1,Paneth
B1_TGACTGGAGCGGAA_TA.Early,1.2416627,12.148026,0,TA.Early
B1_TGACTGGATAAGGA_Paneth,-5.2128396,2.139873,0,Paneth
B1_TGACTGGATGAGCT_Enterocyte.Progenitor.Late,9.668953,-4.131085,2,Enterocyte.Progenitor.Late
B1_TGACTGGATGCCCT_Stem,1.064497,7.026537,0,Stem
B1_TGACTTACACGCTA_TA.Early,-10.461731,-1.7651587,0,TA.Early
B1_TGACTTACCAGATC_Enterocyte.Immature.Proximal,13.358176,-9.495204,2,Enterocyte.Immature.Proximal
B1_TGACTTTGCTGCTC_Paneth,-11.621355,18.531343,3,Paneth
B1_TGAGACACTCCCGT_TA.Early,6.9640627,7.787299,1,TA.Early
B1_TGAGCAACGACAGG_Enterocyte.Progenitor,3.0528247,1.4467542,1,Enterocyte.Progenitor
B1_TGAGCAACGCTGAT_Stem,-4.0646477,5.3355427,0,Stem
B1_TGAGCTGAAAAAGC_Enterocyte.Progenitor,12.291961,-6.5102673,2,Enterocyte.Progenitor
B1_TGAGGACTTCGCTC_Stem,-6.1324577,-1.4294735,0,Stem
B1_TGAGGACTTGCGTA_TA.Early,2.6731706,0.1479994,1,TA.Early
B1_TGAGGTACGGTACT_TA.Early,1.5923749,3.0381658,1,TA.Early
B1_TGAGGTACGTTGGT_Enterocyte.Immature.Distal,12.183634,-6.175065,2,Enterocyte.Immature.Distal
B1_TGAGTCGACAAGCT_Enterocyte.Mature.Proximal,16.535023,-8.69988,2,Enterocyte.Mature.Proximal
B1_TGAGTCGAGAGCTT_TA.G2,-3.791449,-3.256292,6,TA.G2
B1_TGAGTGACCCATGA_Enterocyte.Immature.Distal,14.707455,-2.3996155,4,Enterocyte.Immature.Distal
B1_TGATACCTAGAAGT_Enterocyte.Progenitor.Early,-0.49368402,-10.346452,6,Enterocyte.Progenitor.Early
B1_TGATATGAGTCTGA_Stem,-14.0189085,11.606889,3,Stem
B1_TGATCACTGTACCA_TA.G2,-10.983611,1.5216414,0,TA.G2
B1_TGATCGGAGCAGTT_Goblet,-16.507856,17.699732,3,Goblet
B1_TGATTCTGGCTTCC_Enterocyte.Immature.Distal,14.207553,-7.5254745,2,Enterocyte.Immature.Distal
B1_TGATTCTGTGGTAC_Endocrine,-6.7277293,-8.8686,6,Endocrine
B1_TGCAACGAACGGAG_Stem,-1.578369,1.8464686,0,Stem
B1_TGCAACGAACTGTG_Stem,1.3140177,9.6834545,3,Stem
B1_TGCAACGATCGCTC_TA.Early,2.9361103,1.3968474,1,TA.Early
B1_TGCAACGATGCGTA_Stem,-13.984022,-4.7489443,0,Stem
B1_TGCAAGACCCGATA_Enterocyte.Progenitor.Late,11.400372,1.161533,1,Enterocyte.Progenitor.Late
B1_TGCAAGACGCGTTA_Paneth,-4.100147,9.679224,0,Paneth
B1_TGCAAGTGGTAGCT_Goblet,-16.95742,14.970378,3,Goblet
B1_TGCAATCTATCTCT_Stem,-4.052607,-10.25397,0,Stem
B1_TGCAATCTCATCAG_TA.Early,3.4142113,2.593524,1,TA.Early
B1_TGCACAGACAGATC_TA.G1,6.48035,1.6339177,1,TA.G1
B1_TGCACGCTGCGAAG_Enterocyte.Immature.Distal,11.882792,-9.463125,2,Enterocyte.Immature.Distal
B1_TGCAGATGCATGCA_Enterocyte.Progenitor,0.8593884,-4.078953,1,Enterocyte.Progenitor
B1_TGCATGGAATTCGG_Enterocyte.Progenitor.Late,8.896667,-3.7097483,1,Enterocyte.Progenitor.Late
B1_TGCATGGACTTGGA_TA.G1,-5.9005575,0.45204422,0,TA.G1
B1_TGCCACTGGGAGTG_TA.Early,2.9296885,3.9021099,1,TA.Early
B1_TGCCAGCTAGCACT_TA.Early,-0.79575825,-13.258339,1,TA.Early
B1_TGCCAGCTATCAGC_Stem,-6.2633786,5.039721,0,Stem
B1_TGCCAGCTCCATAG_Endocrine,-3.9207394,15.056825,7,Endocrine
B1_TGCCAGCTCCCGTT_Enterocyte.Progenitor.Late,10.247496,-4.8843937,2,Enterocyte.Progenitor.Late
B1_TGCCCAACCGATAC_TA.Early,0.5643915,1.6451553,1,TA.Early
B1_TGCCCAACGTCTGA_TA.G1,0.012531528,-10.464142,1,TA.G1
B1_TGCCGACTAACCTG_Stem,-5.383251,0.92450887,0,Stem
B1_TGCGAAACATTCCT_Enterocyte.Progenitor.Early,-0.018616613,-2.6580472,1,Enterocyte.Progenitor.Early
B1_TGCGAAACCTGCAA_Stem,-10.975839,-5.2589774,0,Stem
B1_TGCGATGATGAAGA_Enterocyte.Progenitor.Early,-1.587133,-3.7194319,6,Enterocyte.Progenitor.Early
B1_TGCGCACTATAAGG_TA.G1,1.3571501,-1.25421,1,TA.G1
B1_TGCGCACTATTCCT_Enterocyte.Progenitor.Late,5.878464,-0.0334345,1,Enterocyte.Progenitor.Late
B1_TGCGCACTGCATCA_Enterocyte.Mature.Proximal,19.868309,-10.725658,5,Enterocyte.Mature.Proximal
B1_TGCTAGGACGAACT_Tuft,-17.853743,5.06367,8,Tuft
B1_TGCTTAACGGTGGA_TA.G1,-2.3304608,10.635218,0,TA.G1
B1_TGGAAAGACTCCCA_Goblet,-15.552599,12.773122,3,Goblet
B1_TGGAACTGCAGAGG_Tuft,-12.23121,7.494115,8,Tuft
B1_TGGACCCTGTTGAC_Enterocyte.Mature.Proximal,21.309351,-11.649064,5,Enterocyte.Mature.Proximal
B1_TGGAGACTCAGATC_Enterocyte.Progenitor.Late,-0.4332988,-9.059483,1,Enterocyte.Progenitor.Late
B1_TGGAGGGAGGGAGT_TA.G2,-3.3235815,-5.580092,6,TA.G2
B1_TGGATGACCTTATC_Stem,-2.413647,0.8396706,0,Stem
B1_TGGATGTGGCAAGG_Enterocyte.Immature.Proximal,12.240274,-8.4961,2,Enterocyte.Immature.Proximal
B1_TGGCAATGAAGGTA_Paneth,-13.134647,2.395621,0,Paneth
B1_TGGCACCTACCTTT_Tuft,-17.479162,5.7571683,8,Tuft
B1_TGGTACGAAAGCAA_Stem,-7.0216784,7.697334,0,Stem
B1_TGGTACGACACTAG_Tuft,-2.2494504,8.655253,0,Tuft
B1_TGGTACGATACGAC_TA.Early,-2.8789842,-1.5794855,0,TA.Early
B1_TGGTCAGAAGCCTA_Endocrine,-4.4372954,12.856692,7,Endocrine
B1_TGGTCAGACATTGG_Enterocyte.Progenitor,4.102089,-2.1993487,0,Enterocyte.Progenitor
B1_TGGTCAGACCAACA_TA.Early,0.18966179,4.212088,0,TA.Early
B1_TGGTTACTTAGAAG_TA.G2,-3.0966725,-6.659909,6,TA.G2
B1_TGTAAAACACCTGA_Enterocyte.Mature.Proximal,20.872757,-10.387368,5,Enterocyte.Mature.Proximal
B1_TGTAAAACGATGAA_Enterocyte.Immature.Distal,16.165539,-2.8854594,4,Enterocyte.Immature.Distal
B1_TGTAAAACGGCAAG_Stem,-9.31892,6.2704577,0,Stem
B1_TGTAATGAGGACGA_Stem,-3.7655394,2.6274414,0,Stem
B1_TGTAATGAGTTCAG_TA.G2,-4.492509,-5.0385094,6,TA.G2
B1_TGTACTTGTGCTCC_TA.Early,3.1663117,-0.57823527,1,TA.Early
B1_TGTAGTCTGCTGAT_Paneth,-11.179718,18.783522,3,Paneth
B1_TGTCTAACGGTGAG_Stem,-8.296066,2.226738,0,Stem
B1_TGTGATCTATTGGC_Enterocyte.Progenitor.Early,7.100778,-5.43707,1,Enterocyte.Progenitor.Early
B1_TGTTAAGAAAGGCG_Goblet,-15.337491,12.971471,3,Goblet
B1_TGTTAAGACTGCTC_Enterocyte.Immature.Distal,12.22019,0.35614666,2,Enterocyte.Immature.Distal
B1_TGTTAAGAGTCTGA_Goblet,-15.718386,15.309821,3,Goblet
B1_TTACAGCTCGAGAG_Goblet,-15.214488,13.777361,3,Goblet
B1_TTACAGCTCTGAGT_Enterocyte.Progenitor,3.4732068,0.82156444,1,Enterocyte.Progenitor
B1_TTACCATGTCGCCT_TA.Early,1.9159145,-2.5047836,1,TA.Early
B1_TTACTCGATGTTCT_Enterocyte.Progenitor,6.2419124,-4.0529394,1,Enterocyte.Progenitor
B1_TTAGAATGTCGTAG_Goblet,-13.800608,11.871209,3,Goblet
B1_TTAGGGTGAGCGGA_Goblet,-15.855755,16.284346,3,Goblet
B1_TTAGGGTGCAGCTA_TA.Early,5.3558016,1.5150962,1,TA.Early
B1_TTAGGTCTCAGCTA_TA.G2,-4.3680143,-4.364373,6,TA.G2
B1_TTAGGTCTCCTATT_Stem,-13.996282,-0.22888209,0,Stem
B1_TTAGTCACTGAGGG_Enterocyte.Progenitor.Early,-0.056402735,-3.8761008,1,Enterocyte.Progenitor.Early
B1_TTAGTCTGACCAGT_TA.Early,-11.024767,-5.350865,0,TA.Early
B1_TTATCCGAACACTG_TA.Early,3.2004664,-1.6545721,1,TA.Early
B1_TTATCCGACAGATC_Enterocyte.Mature.Proximal,21.070927,-12.180992,5,Enterocyte.Mature.Proximal
B1_TTATCCGATGAGCT_Enterocyte.Progenitor.Early,1.3716326,-3.1276262,1,Enterocyte.Progenitor.Early
B1_TTATGAGACATTCT_Enterocyte.Progenitor.Early,2.2124152,-11.084124,1,Enterocyte.Progenitor.Early
B1_TTATGAGAGTTCAG_Paneth,-11.364933,18.653046,3,Paneth
B1_TTATGCACACACGT_Enterocyte.Progenitor,11.419835,-3.837969,2,Enterocyte.Progenitor
B1_TTATGCACTTGTCT_Goblet,-5.2723856,4.237748,0,Goblet
B1_TTATGGCTATCGGT_Tuft,-0.8423459,2.7042587,0,Tuft
B1_TTATGGCTCCACAA_TA.G2,-2.0784721,4.3375044,0,TA.G2
B1_TTATGGCTCGGTAT_Goblet,-15.039225,14.181494,3,Goblet
B1_TTCAAGCTCGAGAG_Stem,-6.2693386,5.4389925,0,Stem
B1_TTCACAACCGAACT_TA.G1,-0.10313241,1.3614589,1,TA.G1
B1_TTCACCCTACGTTG_Enterocyte.Progenitor,3.080096,-2.261715,1,Enterocyte.Progenitor
B1_TTCAGACTCAGAAA_Enterocyte.Immature.Proximal,13.722799,-7.8269186,2,Enterocyte.Immature.Proximal
B1_TTCAGACTCCCAAA_Enterocyte.Immature.Proximal,13.297261,-7.761365,2,Enterocyte.Immature.Proximal
B1_TTCAGACTCTCTCG_Enterocyte.Immature.Proximal,14.592361,-9.05398,2,Enterocyte.Immature.Proximal
B1_TTCATCGACATTGG_Goblet,-18.42233,16.599058,3,Goblet
B1_TTCATGACCCGCTT_Enterocyte.Mature.Proximal,21.983665,-10.076912,5,Enterocyte.Mature.Proximal
B1_TTCATGACGCATCA_Stem,-7.873138,1.13543,0,Stem
B1_TTCATGTGTTCTAC_Enterocyte.Progenitor.Early,-0.2551087,-4.5605803,1,Enterocyte.Progenitor.Early
B1_TTCCAAACGAGATA_Enterocyte.Immature.Proximal,9.956438,-8.704383,2,Enterocyte.Immature.Proximal
B1_TTCCAAACGGGAGT_Endocrine,-9.481659,14.007027,7,Endocrine
B1_TTCCATGACCACCT_TA.Early,0.3853989,0.97505486,0,TA.Early
B1_TTCCATGAGGGACA_TA.G1,-9.183526,-4.9892106,0,TA.G1
B1_TTCCCACTTTGTGG_Enterocyte.Progenitor.Late,9.138834,-4.757226,2,Enterocyte.Progenitor.Late
B1_TTCCTAGACTAGAC_Enterocyte.Progenitor,4.135919,-8.810374,1,Enterocyte.Progenitor
B1_TTCTACGATGTAGC_Enterocyte.Progenitor.Late,9.343293,-12.671775,4,Enterocyte.Progenitor.Late
B1_TTCTAGTGTCAGAC_Enterocyte.Progenitor.Early,2.6760173,-3.5087562,1,Enterocyte.Progenitor.Early
B1_TTCTCAGACATGCA_TA.Early,-0.8229349,1.1100485,1,TA.Early
B1_TTCTTACTGGGCAA_TA.Early,-1.1058434,2.9436867,0,TA.Early
B1_TTGAATGACCTCAC_Goblet,-15.84013,16.81074,3,Goblet
B1_TTGACACTCCAAGT_Enterocyte.Immature.Proximal,14.271542,-9.751676,2,Enterocyte.Immature.Proximal
B1_TTGAGGACACGCTA_Goblet,-19.732637,17.781422,3,Goblet
B1_TTGATCTGAGAAGT_Goblet,-15.143426,16.932785,3,Goblet
B1_TTGCTAACTCGCCT_TA.Early,-0.1826995,7.9138556,0,TA.Early
B1_TTGGAGACAACGTC_Enterocyte.Progenitor.Late,8.617685,-7.2714667,2,Enterocyte.Progenitor.Late
B1_TTGGGAACAAACGA_Enterocyte.Mature.Proximal,16.144707,-9.527994,2,Enterocyte.Mature.Proximal
B1_TTGGGAACCAGAGG_Enterocyte.Progenitor,3.251566,-9.366781,1,Enterocyte.Progenitor
B1_TTGGGAACTCCTTA_Stem,-4.886307,0.029701402,0,Stem
B1_TTGGTACTACCAGT_Tuft,-15.75383,5.097587,8,Tuft
B1_TTGGTACTGCGAAG_Enterocyte.Progenitor.Early,1.5773711,-5.7982945,1,Enterocyte.Progenitor.Early
B1_TTGGTACTTGACAC_Enterocyte.Progenitor,10.185817,4.7978716,1,Enterocyte.Progenitor
B1_TTGTACACGAACCT_Enterocyte.Progenitor.Early,5.3094563,-7.2083154,1,Enterocyte.Progenitor.Early
B1_TTGTAGCTCTCTCG_Stem,-6.5636716,2.976214,0,Stem
B1_TTTAGAGAACGGAG_Enterocyte.Immature.Distal,13.2447605,-3.653709,4,Enterocyte.Immature.Distal
B1_TTTAGAGAGGAAAT_Stem,-8.065856,1.616096,0,Stem
B1_TTTAGGCTCTCTTA_Paneth,-7.4865108,2.2125063,0,Paneth
B1_TTTCACGAAGTGTC_TA.Early,-1.7047206,4.0542536,0,TA.Early
B1_TTTCACGACACACA_Enterocyte.Progenitor.Early,3.3648155,-6.487916,1,Enterocyte.Progenitor.Early
B1_TTTCACGAGAGGCA_Stem,-3.2902875,5.828026,0,Stem
B1_TTTCCAGAACGCTA_Goblet,-19.489428,17.522396,3,Goblet
B1_TTTCCAGATGCAAC_Enterocyte.Progenitor,5.1011624,0.46402505,1,Enterocyte.Progenitor
B1_TTTCGAACTACTGG_Stem,1.8014387,3.514034,0,Stem
B1_TTTCTACTTCACCC_Enterocyte.Progenitor.Late,12.104182,-3.7799687,2,Enterocyte.Progenitor.Late
